{
  "data": {
    "cache_ratio": {
      "minimaxai/minimax-m3": 0.17857142857142858,
      "moonshotai/kimi-k2.6": 0.28571428571428575,
      "zai-org/glm-5.2": 0.3
    },
    "completion_ratio": {
      "google/gemma-4-31b-it": 3.1818181818181817,
      "minimaxai/minimax-m3": 3.9285714285714284,
      "moonshotai/kimi-k2.6": 5,
      "zai-org/glm-5.2": 3.333333333333333
    },
    "model_price": {},
    "model_ratio": {
      "google/gemma-4-31b-it": 0.055,
      "minimaxai/minimax-m3": 0.14,
      "moonshotai/kimi-k2.6": 0.35,
      "zai-org/glm-5.2": 0.45
    }
  },
  "message": "",
  "success": true
}