{
  "data": {
    "cache_ratio": {
      "route/deepseek-v4-flash": 0.056818181818181816,
      "route/deepseek-v4-flash-6bit": 0.056818181818181816,
      "route/deepseek-v4-pro": 0.29423701298701294,
      "route/deepseek-v4-pro-6bit": 0.29423701298701294,
      "route/glm-5.1": 0.26,
      "route/glm-5.1-6bit": 0.26,
      "route/kimi-k2.5": 0.21645021645021645,
      "route/kimi-k2.6": 0.3463203463203463,
      "route/kimi-k2.6-6bit": 0.3463203463203463,
      "route/mimo-v2.5-pro": 0.4444444444444445,
      "route/mimo-v2.5-pro-6bit": 0.4444444444444445,
      "route/minimax-m2.5": 0.15544041450777202,
      "route/minimax-m2.5-highspeed": 0.31088082901554404,
      "route/minimax-m2.7": 0.1818181818181818,
      "route/minimax-m2.7-highspeed": 0.1818181818181818,
      "route/step-3.5-flash": 0.19791666666666666,
      "route/step-3.5-flash-2603": 0.19999999999999998,
      "route/stepfun-3.5-flash": 0.19791666666666666
    },
    "completion_ratio": {
      "route/deepseek-v3.2": 1.4999999999999998,
      "route/deepseek-v4-flash": 1.4999999999999998,
      "route/deepseek-v4-flash-6bit": 1.4999999999999998,
      "route/deepseek-v4-pro": 1.4999999999999998,
      "route/deepseek-v4-pro-6bit": 1.4999999999999998,
      "route/gemma-4-31b-it": 2.9999999999999996,
      "route/glm-5.1": 3,
      "route/glm-5.1-6bit": 3,
      "route/kimi-k2.5": 5.238095238095238,
      "route/kimi-k2.6": 5.238095238095238,
      "route/kimi-k2.6-6bit": 5.238095238095238,
      "route/mimo-v2.5-pro": 3,
      "route/mimo-v2.5-pro-6bit": 3,
      "route/minimax-m2.5": 6.414507772020725,
      "route/minimax-m2.5-highspeed": 6.414507772020725,
      "route/minimax-m2.7": 4,
      "route/minimax-m2.7-highspeed": 4,
      "route/mistral-large-3": 3,
      "route/mistral-medium-2505": 5,
      "route/mistral-small-2503": 4,
      "route/qwen3.6-27b": 2.9999999999999996,
      "route/step-3.5-flash": 2.9999999999999996,
      "route/step-3.5-flash-2603": 2.9999999999999996,
      "route/stepfun-3.5-flash": 2.9999999999999996
    },
    "model_price": {},
    "model_ratio": {
      "route/deepseek-v3.2": 0.2464,
      "route/deepseek-v4-flash": 0.2464,
      "route/deepseek-v4-flash-6bit": 0.2464,
      "route/deepseek-v4-pro": 0.2464,
      "route/deepseek-v4-pro-6bit": 0.2464,
      "route/gemma-4-31b-it": 0.05,
      "route/glm-5.1": 0.5,
      "route/glm-5.1-6bit": 0.5,
      "route/kimi-k2.5": 0.231,
      "route/kimi-k2.6": 0.231,
      "route/kimi-k2.6-6bit": 0.231,
      "route/mimo-v2.5-pro": 0.225,
      "route/mimo-v2.5-pro-6bit": 0.225,
      "route/minimax-m2.5": 0.0965,
      "route/minimax-m2.5-highspeed": 0.0965,
      "route/minimax-m2.7": 0.165,
      "route/minimax-m2.7-highspeed": 0.165,
      "route/mistral-large-3": 0.25,
      "route/mistral-medium-2505": 0.2,
      "route/mistral-small-2503": 0.075,
      "route/qwen3.6-27b": 0.55,
      "route/step-3.5-flash": 0.048,
      "route/step-3.5-flash-2603": 0.05,
      "route/stepfun-3.5-flash": 0.048
    }
  },
  "message": "",
  "success": true
}