{
  "data": {
    "cache_ratio": {
      "claude-haiku-4-5": 0.1,
      "claude-opus-4-1": 0.1,
      "claude-opus-4-5": 0.1,
      "claude-opus-4-6": 0.1,
      "claude-opus-4-7": 0.1,
      "claude-opus-4-8": 0.1,
      "claude-sonnet-4": 0.09999999999999999,
      "claude-sonnet-4-5": 0.09999999999999999,
      "claude-sonnet-4-6": 0.09999999999999999,
      "gemini-2-5-flash": 0.03,
      "gemini-2-5-pro": 0.1,
      "gemini-3-1-flash-lite": 0.05,
      "gemini-3-1-pro": 0.1,
      "gemini-3-5-flash": 0.09999999999999999,
      "gemini-3-flash": 0.05,
      "gemini-3-pro": 0.1,
      "gpt-5": 0.1,
      "gpt-5-1": 0.1,
      "gpt-5-1-codex-max": 0.1,
      "gpt-5-1-codex-mini": 0.1,
      "gpt-5-2": 0.09999999999999999,
      "gpt-5-2-codex": 0.09999999999999999,
      "gpt-5-3-codex": 0.09999999999999999,
      "gpt-5-4": 0.1,
      "gpt-5-4-mini": 0.09999999999999999,
      "gpt-5-4-nano": 0.09999999999999999,
      "gpt-5-mini": 0.1,
      "gpt-5-nano": 0.09999999999999999
    },
    "completion_ratio": {
      "claude-haiku-4-5": 5,
      "claude-opus-4-1": 5,
      "claude-opus-4-5": 5,
      "claude-opus-4-6": 5,
      "claude-opus-4-7": 5,
      "claude-opus-4-8": 5,
      "claude-sonnet-4": 5,
      "claude-sonnet-4-5": 5,
      "claude-sonnet-4-6": 5,
      "gemini-2-5-flash": 2.5,
      "gemini-2-5-pro": 8,
      "gemini-3-1-flash-lite": 3,
      "gemini-3-1-pro": 6,
      "gemini-3-5-flash": 6,
      "gemini-3-flash": 3,
      "gemini-3-pro": 6,
      "gemma-3-12b": 3.3333333333333335,
      "gpt-5": 8,
      "gpt-5-1": 8,
      "gpt-5-1-codex-max": 8,
      "gpt-5-1-codex-mini": 8,
      "gpt-5-2": 8,
      "gpt-5-2-codex": 8,
      "gpt-5-3-codex": 8,
      "gpt-5-4": 6,
      "gpt-5-4-mini": 6,
      "gpt-5-4-nano": 6.25,
      "gpt-5-mini": 8,
      "gpt-5-nano": 8,
      "gpt-oss-120b": 3.8888888888888897,
      "gpt-oss-20b": 4,
      "llama-4-maverick": 3,
      "meta-llama-3-1-8b-instruct": 3,
      "meta-llama-3-3-70b-instruct": 3,
      "qwen3-next-80b-a3b-instruct": 8,
      "qwen35-122b-a10b": 10
    },
    "model_price": {},
    "model_ratio": {
      "claude-haiku-4-5": 0.5,
      "claude-opus-4-1": 7.5,
      "claude-opus-4-5": 2.5,
      "claude-opus-4-6": 2.5,
      "claude-opus-4-7": 2.5,
      "claude-opus-4-8": 2.5,
      "claude-sonnet-4": 1.5,
      "claude-sonnet-4-5": 1.5,
      "claude-sonnet-4-6": 1.5,
      "gemini-2-5-flash": 0.5,
      "gemini-2-5-pro": 0.625,
      "gemini-3-1-flash-lite": 0.25,
      "gemini-3-1-pro": 1,
      "gemini-3-5-flash": 0.75,
      "gemini-3-flash": 0.5,
      "gemini-3-pro": 1,
      "gemma-3-12b": 0.075,
      "gpt-5": 0.625,
      "gpt-5-1": 0.625,
      "gpt-5-1-codex-max": 0.625,
      "gpt-5-1-codex-mini": 0.125,
      "gpt-5-2": 0.875,
      "gpt-5-2-codex": 0.875,
      "gpt-5-3-codex": 0.875,
      "gpt-5-4": 1.25,
      "gpt-5-4-mini": 0.375,
      "gpt-5-4-nano": 0.1,
      "gpt-5-mini": 0.125,
      "gpt-5-nano": 0.025,
      "gpt-oss-120b": 0.036,
      "gpt-oss-20b": 0.025,
      "llama-4-maverick": 0.25,
      "meta-llama-3-1-8b-instruct": 0.075,
      "meta-llama-3-3-70b-instruct": 0.25,
      "qwen3-next-80b-a3b-instruct": 0.075,
      "qwen35-122b-a10b": 0.11
    }
  },
  "message": "",
  "success": true
}