{
  "data": {
    "cache_ratio": {
      "MiniMaxAI/MiniMax-M2.5": 0.1,
      "MiniMaxAI/MiniMax-M2.7": 0.2,
      "deepseek-ai/DeepSeek-V4-Pro": 0.008333333333333333,
      "moonshotai/Kimi-K2-Thinking": 0.25,
      "moonshotai/Kimi-K2.5": 0.16666666666666669,
      "moonshotai/Kimi-K2.6": 0.16842105263157897,
      "zai-org/GLM-4.7": 0.18333333333333335,
      "zai-org/GLM-5": 0.2,
      "zai-org/GLM-5.1": 0.2
    },
    "completion_ratio": {
      "MiniMaxAI/MiniMax-M2": 4,
      "MiniMaxAI/MiniMax-M2.1": 4,
      "MiniMaxAI/MiniMax-M2.5": 4,
      "MiniMaxAI/MiniMax-M2.7": 4,
      "MiniMaxAI/MiniMax-M3": 4,
      "Qwen/Qwen3-235B-A22B": 4,
      "Qwen/Qwen3-235B-A22B-Thinking-2507": 10,
      "Qwen/Qwen3-32B": 2.0344827586206895,
      "Qwen/Qwen3-Coder-30B-A3B-Instruct": 3.714285714285714,
      "Qwen/Qwen3-Coder-480B-A35B-Instruct": 1,
      "Qwen/Qwen3-Coder-Next": 7.5,
      "Qwen/Qwen3-Next-80B-A3B-Instruct": 4,
      "Qwen/Qwen3-Next-80B-A3B-Thinking": 6.666666666666667,
      "Qwen/Qwen3.5-122B-A10B": 8,
      "Qwen/Qwen3.5-27B": 8,
      "Qwen/Qwen3.5-35B-A3B": 8,
      "Qwen/Qwen3.5-397B-A17B": 6,
      "Qwen/Qwen3.5-9B": 1.4705882352941175,
      "Qwen/Qwen3.6-27B": 6.787234042553192,
      "Qwen/Qwen3.6-35B-A3B": 6.333333333333333,
      "XiaomiMiMo/MiMo-V2-Flash": 2.9999999999999996,
      "XiaomiMiMo/MiMo-V2.5": 5,
      "XiaomiMiMo/MiMo-V2.5-Pro": 3,
      "deepseek-ai/DeepSeek-R1": 3.5714285714285716,
      "deepseek-ai/DeepSeek-R1-0528": 1.6666666666666667,
      "deepseek-ai/DeepSeek-V3.2": 1.4285714285714286,
      "deepseek-ai/DeepSeek-V4-Flash": 2,
      "deepseek-ai/DeepSeek-V4-Pro": 2,
      "google/gemma-4-26B-A4B-it": 3.076923076923077,
      "google/gemma-4-31B-it": 2.857142857142857,
      "meta-llama/Llama-3.3-70B-Instruct": 1.3389830508474578,
      "moonshotai/Kimi-K2-Instruct": 3,
      "moonshotai/Kimi-K2-Instruct-0905": 3,
      "moonshotai/Kimi-K2-Thinking": 4.166666666666667,
      "moonshotai/Kimi-K2.5": 5,
      "moonshotai/Kimi-K2.6": 4.2105263157894735,
      "moonshotai/Kimi-K2.7-Code": 4.2105263157894735,
      "openai/gpt-oss-120b": 2.76,
      "openai/gpt-oss-20b": 5,
      "stepfun-ai/Step-3.5-Flash": 2.9999999999999996,
      "stepfun-ai/Step-3.7-Flash": 5.749999999999999,
      "zai-org/GLM-4.5": 3.666666666666667,
      "zai-org/GLM-4.5-Air": 6.538461538461538,
      "zai-org/GLM-4.5V": 3,
      "zai-org/GLM-4.6": 4,
      "zai-org/GLM-4.7": 3.666666666666667,
      "zai-org/GLM-5": 3.2,
      "zai-org/GLM-5.1": 3.2,
      "zai-org/GLM-5.2": 3.1428571428571432
    },
    "model_price": {},
    "model_ratio": {
      "MiniMaxAI/MiniMax-M2": 0.15,
      "MiniMaxAI/MiniMax-M2.1": 0.15,
      "MiniMaxAI/MiniMax-M2.5": 0.15,
      "MiniMaxAI/MiniMax-M2.7": 0.15,
      "MiniMaxAI/MiniMax-M3": 0.15,
      "Qwen/Qwen3-235B-A22B": 0.1,
      "Qwen/Qwen3-235B-A22B-Thinking-2507": 0.15,
      "Qwen/Qwen3-32B": 0.145,
      "Qwen/Qwen3-Coder-30B-A3B-Instruct": 0.035,
      "Qwen/Qwen3-Coder-480B-A35B-Instruct": 1,
      "Qwen/Qwen3-Coder-Next": 0.1,
      "Qwen/Qwen3-Embedding-4B": 0.005,
      "Qwen/Qwen3-Embedding-8B": 0.005,
      "Qwen/Qwen3-Next-80B-A3B-Instruct": 0.125,
      "Qwen/Qwen3-Next-80B-A3B-Thinking": 0.15,
      "Qwen/Qwen3.5-122B-A10B": 0.2,
      "Qwen/Qwen3.5-27B": 0.15,
      "Qwen/Qwen3.5-35B-A3B": 0.125,
      "Qwen/Qwen3.5-397B-A17B": 0.3,
      "Qwen/Qwen3.5-9B": 0.085,
      "Qwen/Qwen3.6-27B": 0.235,
      "Qwen/Qwen3.6-35B-A3B": 0.075,
      "XiaomiMiMo/MiMo-V2-Flash": 0.05,
      "XiaomiMiMo/MiMo-V2.5": 0.2,
      "XiaomiMiMo/MiMo-V2.5-Pro": 0.5,
      "deepseek-ai/DeepSeek-R1": 0.35,
      "deepseek-ai/DeepSeek-R1-0528": 1.5,
      "deepseek-ai/DeepSeek-V3.2": 0.14,
      "deepseek-ai/DeepSeek-V4-Flash": 0.07,
      "deepseek-ai/DeepSeek-V4-Pro": 0.2175,
      "google/gemma-4-26B-A4B-it": 0.065,
      "google/gemma-4-31B-it": 0.07,
      "meta-llama/Llama-3.3-70B-Instruct": 0.295,
      "moonshotai/Kimi-K2-Instruct": 0.5,
      "moonshotai/Kimi-K2-Instruct-0905": 0.5,
      "moonshotai/Kimi-K2-Thinking": 0.3,
      "moonshotai/Kimi-K2.5": 0.3,
      "moonshotai/Kimi-K2.6": 0.475,
      "moonshotai/Kimi-K2.7-Code": 0.475,
      "openai/gpt-oss-120b": 0.125,
      "openai/gpt-oss-20b": 0.05,
      "stepfun-ai/Step-3.5-Flash": 0.05,
      "stepfun-ai/Step-3.7-Flash": 0.1,
      "zai-org/GLM-4.5": 0.3,
      "zai-org/GLM-4.5-Air": 0.065,
      "zai-org/GLM-4.5V": 0.3,
      "zai-org/GLM-4.6": 0.275,
      "zai-org/GLM-4.7": 0.3,
      "zai-org/GLM-5": 0.5,
      "zai-org/GLM-5.1": 0.5,
      "zai-org/GLM-5.2": 0.7
    }
  },
  "message": "",
  "success": true
}