{
  "data": {
    "cache_ratio": {
      "JetBrains/Mellum2-12B-A2.5B-Instruct": 1,
      "MiniMaxAI/MiniMax-M2.5": 1,
      "OpenPipe/Qwen3-14B-Instruct": 1,
      "Qwen/Qwen3-235B-A22B-Instruct-2507": 1,
      "Qwen/Qwen3-235B-A22B-Thinking-2507": 1,
      "Qwen/Qwen3-30B-A3B-Instruct-2507": 1,
      "Qwen/Qwen3-Coder-480B-A35B-Instruct": 1,
      "Qwen/Qwen3.5-27B": 0.20512820512820512,
      "Qwen/Qwen3.5-35B-A3B": 1,
      "Qwen/Qwen3.6-27B": 0.2,
      "Qwen/Qwen3.6-35B-A3B": 1,
      "deepseek-ai/DeepSeek-V3.1": 1,
      "deepseek-ai/DeepSeek-V4-Flash": 0.5,
      "deepseek-ai/DeepSeek-V4-Pro": 0.08045977011494254,
      "google/gemma-4-31B-it": 0.75,
      "ibm-granite/granite-4.1-8b": 1,
      "meta-llama/Llama-3.1-70B-Instruct": 1,
      "meta-llama/Llama-3.1-8B-Instruct": 1,
      "meta-llama/Llama-3.3-70B-Instruct": 1,
      "microsoft/Phi-4-mini-instruct": 1,
      "moonshotai/Kimi-K2.5": 0.16666666666666669,
      "moonshotai/Kimi-K2.6": 0.16842105263157897,
      "moonshotai/Kimi-K2.7-Code": 0.2021276595744681,
      "nvidia/NVIDIA-Nemotron-3-Super-120B-A12B-FP8": 1,
      "nvidia/NVIDIA-Nemotron-3-Ultra-550B-A55B": 0.19999999999999998,
      "openai/gpt-oss-120b": 1,
      "openai/gpt-oss-20b": 1,
      "zai-org/GLM-5.1": 0.18571428571428572,
      "zai-org/GLM-5.2": 0.18705035971223025
    },
    "completion_ratio": {
      "JetBrains/Mellum2-12B-A2.5B-Instruct": 2,
      "MiniMaxAI/MiniMax-M2.5": 4,
      "OpenPipe/Qwen3-14B-Instruct": 4.3999999999999995,
      "Qwen/Qwen3-235B-A22B-Instruct-2507": 1,
      "Qwen/Qwen3-235B-A22B-Thinking-2507": 1,
      "Qwen/Qwen3-30B-A3B-Instruct-2507": 2.9999999999999996,
      "Qwen/Qwen3-Coder-480B-A35B-Instruct": 1.5,
      "Qwen/Qwen3.5-27B": 8,
      "Qwen/Qwen3.5-35B-A3B": 5,
      "Qwen/Qwen3.6-27B": 6,
      "Qwen/Qwen3.6-35B-A3B": 5,
      "deepseek-ai/DeepSeek-V3.1": 2.9999999999999996,
      "deepseek-ai/DeepSeek-V4-Flash": 2,
      "deepseek-ai/DeepSeek-V4-Pro": 2,
      "google/gemma-4-31B-it": 2.9166666666666665,
      "ibm-granite/granite-4.1-8b": 2,
      "meta-llama/Llama-3.1-70B-Instruct": 1,
      "meta-llama/Llama-3.1-8B-Instruct": 1,
      "meta-llama/Llama-3.3-70B-Instruct": 1,
      "microsoft/Phi-4-mini-instruct": 4.375,
      "moonshotai/Kimi-K2.5": 5,
      "moonshotai/Kimi-K2.6": 4.2105263157894735,
      "moonshotai/Kimi-K2.7-Code": 4.25531914893617,
      "nvidia/NVIDIA-Nemotron-3-Super-120B-A12B-FP8": 4,
      "nvidia/NVIDIA-Nemotron-3-Ultra-550B-A55B": 3.6666666666666665,
      "openai/gpt-oss-120b": 3.5000000000000004,
      "openai/gpt-oss-20b": 4.333333333333334,
      "zai-org/GLM-5.1": 3.1428571428571432,
      "zai-org/GLM-5.2": 3.165467625899281
    },
    "model_price": {},
    "model_ratio": {
      "JetBrains/Mellum2-12B-A2.5B-Instruct": 0.025,
      "MiniMaxAI/MiniMax-M2.5": 0.15,
      "OpenPipe/Qwen3-14B-Instruct": 0.025,
      "Qwen/Qwen3-235B-A22B-Instruct-2507": 0.05,
      "Qwen/Qwen3-235B-A22B-Thinking-2507": 0.05,
      "Qwen/Qwen3-30B-A3B-Instruct-2507": 0.05,
      "Qwen/Qwen3-Coder-480B-A35B-Instruct": 0.5,
      "Qwen/Qwen3.5-27B": 0.195,
      "Qwen/Qwen3.5-35B-A3B": 0.125,
      "Qwen/Qwen3.6-27B": 0.3,
      "Qwen/Qwen3.6-35B-A3B": 0.125,
      "deepseek-ai/DeepSeek-V3.1": 0.275,
      "deepseek-ai/DeepSeek-V4-Flash": 0.07,
      "deepseek-ai/DeepSeek-V4-Pro": 0.87,
      "google/gemma-4-31B-it": 0.06,
      "ibm-granite/granite-4.1-8b": 0.025,
      "meta-llama/Llama-3.1-70B-Instruct": 0.4,
      "meta-llama/Llama-3.1-8B-Instruct": 0.11,
      "meta-llama/Llama-3.3-70B-Instruct": 0.355,
      "microsoft/Phi-4-mini-instruct": 0.04,
      "moonshotai/Kimi-K2.5": 0.3,
      "moonshotai/Kimi-K2.6": 0.475,
      "moonshotai/Kimi-K2.7-Code": 0.47,
      "nvidia/NVIDIA-Nemotron-3-Super-120B-A12B-FP8": 0.1,
      "nvidia/NVIDIA-Nemotron-3-Ultra-550B-A55B": 0.375,
      "openai/gpt-oss-120b": 0.02,
      "openai/gpt-oss-20b": 0.015,
      "zai-org/GLM-5.1": 0.7,
      "zai-org/GLM-5.2": 0.695
    }
  },
  "message": "",
  "success": true
}