{
  "data": {
    "cache_ratio": {},
    "completion_ratio": {
      "gemma-4-31b": 1.505050505050505,
      "gpt-oss-120b": 2.142857142857143,
      "zai-glm-4.7": 1.2222222222222223
    },
    "model_price": {},
    "model_ratio": {
      "gemma-4-31b": 0.495,
      "gpt-oss-120b": 0.175,
      "zai-glm-4.7": 1.125
    }
  },
  "message": "",
  "success": true
}