{
  "data": {
    "cache_ratio": {
      "deepseek-ai/DeepSeek-V4-Pro": 0.08333333333333333,
      "moonshotai/Kimi-K2.5": 0.2,
      "moonshotai/Kimi-K2.6": 0.16842105263157897,
      "moonshotai/Kimi-K2.7-Code": 0.16842105263157897,
      "nvidia/NVIDIA-Nemotron-3-Ultra-550B-A55B": 0.2,
      "nvidia/Nemotron-120B-A12B": 0.2,
      "zai-org/GLM-4.7": 0.2,
      "zai-org/GLM-5": 0.2105263157894737,
      "zai-org/GLM-5.1": 0.2,
      "zai-org/GLM-5.2": 0.2142857142857143
    },
    "completion_ratio": {
      "MiniMaxAI/MiniMax-M2.5": 4,
      "deepseek-ai/DeepSeek-V3.1": 3,
      "deepseek-ai/DeepSeek-V4-Pro": 2,
      "moonshotai/Kimi-K2.5": 5,
      "moonshotai/Kimi-K2.6": 4.2105263157894735,
      "moonshotai/Kimi-K2.7-Code": 4.2105263157894735,
      "nvidia/NVIDIA-Nemotron-3-Ultra-550B-A55B": 4,
      "nvidia/Nemotron-120B-A12B": 2.5,
      "openai/gpt-oss-120b": 5,
      "zai-org/GLM-4.7": 3.666666666666667,
      "zai-org/GLM-5": 3.3157894736842106,
      "zai-org/GLM-5.1": 3.3076923076923075,
      "zai-org/GLM-5.2": 3.1428571428571432
    },
    "model_price": {},
    "model_ratio": {
      "MiniMaxAI/MiniMax-M2.5": 0.15,
      "deepseek-ai/DeepSeek-V3.1": 0.25,
      "deepseek-ai/DeepSeek-V4-Pro": 0.87,
      "moonshotai/Kimi-K2.5": 0.3,
      "moonshotai/Kimi-K2.6": 0.475,
      "moonshotai/Kimi-K2.7-Code": 0.475,
      "nvidia/NVIDIA-Nemotron-3-Ultra-550B-A55B": 0.3,
      "nvidia/Nemotron-120B-A12B": 0.15,
      "openai/gpt-oss-120b": 0.05,
      "zai-org/GLM-4.7": 0.3,
      "zai-org/GLM-5": 0.475,
      "zai-org/GLM-5.1": 0.65,
      "zai-org/GLM-5.2": 0.7
    }
  },
  "message": "",
  "success": true
}