{
  "data": {
    "cache_ratio": {},
    "completion_ratio": {
      "aura-1": 1,
      "deepseek-r1-distill-qwen-32b": 9.76,
      "flux-1-schnell": 2.0754716981132075,
      "gemma-3-12b-it": 1.6000000000000003,
      "gpt-oss-120b": 2.142857142857143,
      "gpt-oss-20b": 1.4999999999999998,
      "llama-2-7b-chat-fp16": 11.910714285714285,
      "llama-3-8b-instruct": 2.964285714285714,
      "llama-3-8b-instruct-awq": 2.2500000000000004,
      "llama-3.1-8b-instruct": 2.964285714285714,
      "llama-3.1-8b-instruct-awq": 2.2500000000000004,
      "llama-3.1-8b-instruct-fp8": 1.9333333333333333,
      "llama-3.2-11b-vision-instruct": 13.877551020408164,
      "llama-3.2-1b-instruct": 7.407407407407408,
      "llama-3.2-3b-instruct": 6.666666666666668,
      "llama-3.3-70b-instruct-fp8-fast": 7.758620689655173,
      "llama-4-scout-17b-16e-instruct": 3.148148148148148,
      "llama-guard-3-8b": 0.0625,
      "lucid-origin": 1,
      "m2m100-1.2b": 1,
      "mistral-7b-instruct-v0.1": 1.7272727272727273,
      "mistral-small-3.1-24b-instruct": 1.6000000000000003,
      "nova-3": 1,
      "phoenix-1.0": 1,
      "qwen2.5-coder-32b-instruct": 1.5151515151515151,
      "qwq-32b": 1.5151515151515151,
      "whisper": 1,
      "whisper-large-v3-turbo": 1
    },
    "model_ratio": {
      "aura-1": 0.0075,
      "deepseek-r1-distill-qwen-32b": 0.25,
      "flux-1-schnell": 0.0000265,
      "gemma-3-12b-it": 0.175,
      "gpt-oss-120b": 0.175,
      "gpt-oss-20b": 0.1,
      "llama-2-7b-chat-fp16": 0.28,
      "llama-3-8b-instruct": 0.14,
      "llama-3-8b-instruct-awq": 0.06,
      "llama-3.1-8b-instruct": 0.14,
      "llama-3.1-8b-instruct-awq": 0.06,
      "llama-3.1-8b-instruct-fp8": 0.075,
      "llama-3.2-11b-vision-instruct": 0.0245,
      "llama-3.2-1b-instruct": 0.0135,
      "llama-3.2-3b-instruct": 0.0255,
      "llama-3.3-70b-instruct-fp8-fast": 0.145,
      "llama-4-scout-17b-16e-instruct": 0.135,
      "llama-guard-3-8b": 0.24,
      "lucid-origin": 0.0035,
      "m2m100-1.2b": 0.17,
      "melotts": 0.0001,
      "mistral-7b-instruct-v0.1": 0.055,
      "mistral-small-3.1-24b-instruct": 0.175,
      "nova-3": 0.0026,
      "phoenix-1.0": 0.0029,
      "qwen2.5-coder-32b-instruct": 0.33,
      "qwq-32b": 0.33,
      "resnet-50": 0.00000125,
      "whisper": 0.000225,
      "whisper-large-v3-turbo": 0.000255
    }
  },
  "message": "",
  "success": true
}