{
  "data": {
    "cache_ratio": {},
    "completion_ratio": {
      "@cf/ai4bharat/indictrans2-en-indic-1B": 1,
      "@cf/aisingapore/gemma-sea-lion-v4-27b-it": 1.6000000000000003,
      "@cf/deepseek-ai/deepseek-r1-distill-qwen-32b": 9.76,
      "@cf/google/gemma-3-12b-it": 1.6000000000000003,
      "@cf/ibm-granite/granite-4.0-h-micro": 6.470588235294117,
      "@cf/meta/llama-2-7b-chat-fp16": 11.910714285714285,
      "@cf/meta/llama-3-8b-instruct": 2.964285714285714,
      "@cf/meta/llama-3-8b-instruct-awq": 2.2500000000000004,
      "@cf/meta/llama-3.1-8b-instruct": 2.9642857142857135,
      "@cf/meta/llama-3.1-8b-instruct-awq": 2.2500000000000004,
      "@cf/meta/llama-3.1-8b-instruct-fp8": 1.9333333333333333,
      "@cf/meta/llama-3.2-11b-vision-instruct": 13.877551020408164,
      "@cf/meta/llama-3.2-1b-instruct": 7.407407407407408,
      "@cf/meta/llama-3.2-3b-instruct": 6.666666666666668,
      "@cf/meta/llama-3.3-70b-instruct-fp8-fast": 7.758620689655173,
      "@cf/meta/llama-4-scout-17b-16e-instruct": 3.148148148148148,
      "@cf/meta/llama-guard-3-8b": 0.0625,
      "@cf/meta/m2m100-1.2b": 1,
      "@cf/mistral/mistral-7b-instruct-v0.1": 1.7272727272727273,
      "@cf/mistralai/mistral-small-3.1-24b-instruct": 1.6000000000000003,
      "@cf/openai/gpt-oss-120b": 2.142857142857143,
      "@cf/openai/gpt-oss-20b": 1.4999999999999998,
      "@cf/qwen/qwen2.5-coder-32b-instruct": 1.5151515151515151,
      "@cf/qwen/qwen3-30b-a3b-fp8": 6.666666666666668,
      "@cf/qwen/qwq-32b": 1.5151515151515151
    },
    "model_price": {},
    "model_ratio": {
      "@cf/ai4bharat/indictrans2-en-indic-1B": 0.17,
      "@cf/aisingapore/gemma-sea-lion-v4-27b-it": 0.175,
      "@cf/baai/bge-base-en-v1.5": 0.0335,
      "@cf/baai/bge-large-en-v1.5": 0.1,
      "@cf/baai/bge-m3": 0.006,
      "@cf/baai/bge-reranker-base": 0.00155,
      "@cf/baai/bge-small-en-v1.5": 0.01,
      "@cf/deepseek-ai/deepseek-r1-distill-qwen-32b": 0.25,
      "@cf/google/gemma-3-12b-it": 0.175,
      "@cf/huggingface/distilbert-sst-2-int8": 0.013,
      "@cf/ibm-granite/granite-4.0-h-micro": 0.0085,
      "@cf/meta/llama-2-7b-chat-fp16": 0.28,
      "@cf/meta/llama-3-8b-instruct": 0.14,
      "@cf/meta/llama-3-8b-instruct-awq": 0.06,
      "@cf/meta/llama-3.1-8b-instruct": 0.14,
      "@cf/meta/llama-3.1-8b-instruct-awq": 0.06,
      "@cf/meta/llama-3.1-8b-instruct-fp8": 0.075,
      "@cf/meta/llama-3.2-11b-vision-instruct": 0.0245,
      "@cf/meta/llama-3.2-1b-instruct": 0.0135,
      "@cf/meta/llama-3.2-3b-instruct": 0.0255,
      "@cf/meta/llama-3.3-70b-instruct-fp8-fast": 0.145,
      "@cf/meta/llama-4-scout-17b-16e-instruct": 0.135,
      "@cf/meta/llama-guard-3-8b": 0.24,
      "@cf/meta/m2m100-1.2b": 0.17,
      "@cf/mistral/mistral-7b-instruct-v0.1": 0.055,
      "@cf/mistralai/mistral-small-3.1-24b-instruct": 0.175,
      "@cf/openai/gpt-oss-120b": 0.175,
      "@cf/openai/gpt-oss-20b": 0.1,
      "@cf/pfnet/plamo-embedding-1b": 0.0095,
      "@cf/qwen/qwen2.5-coder-32b-instruct": 0.33,
      "@cf/qwen/qwen3-30b-a3b-fp8": 0.0255,
      "@cf/qwen/qwen3-embedding-0.6b": 0.006,
      "@cf/qwen/qwq-32b": 0.33
    }
  },
  "message": "",
  "success": true
}