{
  "data": {
    "cache_ratio": {
      "@cf/moonshotai/kimi-k2.5": 0.16666666666666669,
      "@cf/moonshotai/kimi-k2.6": 0.16842105263157897
    },
    "completion_ratio": {
      "@cf/aisingapore/gemma-sea-lion-v4-27b-it": 1.5811965811965814,
      "@cf/deepseek-ai/deepseek-r1-distill-qwen-32b": 9.82092555331992,
      "@cf/google/gemma-3-12b-it": 1.611594202898551,
      "@cf/google/gemma-4-26b-a4b-it": 2.9999999999999996,
      "@cf/ibm-granite/granite-4.0-h-micro": 6.588235294117647,
      "@cf/meta/llama-2-7b-chat-fp16": 11.991007194244602,
      "@cf/meta/llama-3-8b-instruct": 2.9326241134751774,
      "@cf/meta/llama-3-8b-instruct-awq": 2.16260162601626,
      "@cf/meta/llama-3.1-8b-instruct-awq": 2.16260162601626,
      "@cf/meta/llama-3.1-8b-instruct-fp8": 1.888157894736842,
      "@cf/meta/llama-3.2-11b-vision-instruct": 13.938144329896907,
      "@cf/meta/llama-3.2-1b-instruct": 7.444444444444445,
      "@cf/meta/llama-3.2-3b-instruct": 6.581532416502947,
      "@cf/meta/llama-3.3-70b-instruct-fp8-fast": 7.689419795221844,
      "@cf/meta/llama-4-scout-17b-16e-instruct": 3.148148148148148,
      "@cf/meta/llama-guard-3-8b": 0.06198347107438017,
      "@cf/mistral/mistral-7b-instruct-v0.1": 1.7272727272727273,
      "@cf/mistralai/mistral-small-3.1-24b-instruct": 1.5811965811965814,
      "@cf/moonshotai/kimi-k2.5": 5,
      "@cf/moonshotai/kimi-k2.6": 4.2105263157894735,
      "@cf/nvidia/nemotron-3-120b-a12b": 3,
      "@cf/openai/gpt-oss-120b": 2.142857142857143,
      "@cf/openai/gpt-oss-20b": 1.4999999999999998,
      "@cf/qwen/qwen2.5-coder-32b-instruct": 1.5151515151515151,
      "@cf/qwen/qwen3-30b-a3b-fp8": 6.581532416502947,
      "@cf/qwen/qwq-32b": 1.5151515151515151,
      "@cf/zai-org/glm-4.7-flash": 6.6115702479338845
    },
    "model_price": {},
    "model_ratio": {
      "@cf/aisingapore/gemma-sea-lion-v4-27b-it": 0.1755,
      "@cf/deepseek-ai/deepseek-r1-distill-qwen-32b": 0.2485,
      "@cf/google/gemma-3-12b-it": 0.1725,
      "@cf/google/gemma-4-26b-a4b-it": 0.05,
      "@cf/ibm-granite/granite-4.0-h-micro": 0.0085,
      "@cf/meta/llama-2-7b-chat-fp16": 0.278,
      "@cf/meta/llama-3-8b-instruct": 0.141,
      "@cf/meta/llama-3-8b-instruct-awq": 0.0615,
      "@cf/meta/llama-3.1-8b-instruct-awq": 0.0615,
      "@cf/meta/llama-3.1-8b-instruct-fp8": 0.076,
      "@cf/meta/llama-3.2-11b-vision-instruct": 0.02425,
      "@cf/meta/llama-3.2-1b-instruct": 0.0135,
      "@cf/meta/llama-3.2-3b-instruct": 0.02545,
      "@cf/meta/llama-3.3-70b-instruct-fp8-fast": 0.1465,
      "@cf/meta/llama-4-scout-17b-16e-instruct": 0.135,
      "@cf/meta/llama-guard-3-8b": 0.242,
      "@cf/mistral/mistral-7b-instruct-v0.1": 0.055,
      "@cf/mistralai/mistral-small-3.1-24b-instruct": 0.1755,
      "@cf/moonshotai/kimi-k2.5": 0.3,
      "@cf/moonshotai/kimi-k2.6": 0.475,
      "@cf/nvidia/nemotron-3-120b-a12b": 0.25,
      "@cf/openai/gpt-oss-120b": 0.175,
      "@cf/openai/gpt-oss-20b": 0.1,
      "@cf/qwen/qwen2.5-coder-32b-instruct": 0.33,
      "@cf/qwen/qwen3-30b-a3b-fp8": 0.02545,
      "@cf/qwen/qwq-32b": 0.33,
      "@cf/zai-org/glm-4.7-flash": 0.03025
    }
  },
  "message": "",
  "success": true
}