{
  "data": {
    "cache_ratio": {
      "anthropic/claude-haiku-4-5": 0.1,
      "anthropic/claude-opus-4-6": 0.1,
      "anthropic/claude-opus-4-7": 0.1,
      "anthropic/claude-sonnet-4-5": 0.09999999999999999,
      "anthropic/claude-sonnet-4-6": 0.09999999999999999,
      "google/gemini-2.5-flash": 0.03,
      "google/gemini-2.5-flash-lite": 0.03333333333333333,
      "google/gemini-2.5-pro": 0.1,
      "google/gemini-3.1-flash-lite": 0.05,
      "openai/gpt-4.1": 0.25,
      "openai/gpt-4.1-mini": 0.25,
      "openai/gpt-4.1-nano": 0.3,
      "openai/gpt-5": 0.1,
      "openai/gpt-5-mini": 0.1,
      "openai/gpt-5-nano": 0.09999999999999999,
      "openai/gpt-5.1": 0.10400000000000001,
      "openai/gpt-5.2": 0.09999999999999999,
      "openai/gpt-5.4": 0.1,
      "openai/gpt-5.4-mini": 0.09999999999999999,
      "openai/gpt-5.4-nano": 0.09999999999999999,
      "openai/gpt-5.5": 0.1,
      "openai/o3": 0.25,
      "openai/o3-mini": 0.5,
      "openai/o4-mini": 0.2545454545454546
    },
    "completion_ratio": {
      "Qwen/Qwen3-30B-A3B-Instruct-2507": 3.666666666666667,
      "Qwen/Qwen3-Reranker-0.6B": 1,
      "Qwen/Qwen3-VL-30B-A3B-Instruct": 3.666666666666667,
      "Qwen/Qwen3.5-122B-A10B": 8,
      "anthropic/claude-haiku-4-5": 5,
      "anthropic/claude-opus-4-6": 5,
      "anthropic/claude-opus-4-7": 5,
      "anthropic/claude-sonnet-4-5": 5.166666666666667,
      "anthropic/claude-sonnet-4-6": 5,
      "black-forest-labs/FLUX.2-klein-4B": 1,
      "google/gemini-2.5-flash": 2.5,
      "google/gemini-2.5-flash-lite": 1.3333333333333335,
      "google/gemini-2.5-pro": 8,
      "google/gemini-3.1-flash-lite": 3,
      "openai/gpt-4.1": 4,
      "openai/gpt-4.1-mini": 4,
      "openai/gpt-4.1-nano": 4,
      "openai/gpt-5": 8,
      "openai/gpt-5-mini": 8,
      "openai/gpt-5-nano": 8,
      "openai/gpt-5.1": 8,
      "openai/gpt-5.2": 8.61111111111111,
      "openai/gpt-5.4": 6,
      "openai/gpt-5.4-mini": 6,
      "openai/gpt-5.4-nano": 6.25,
      "openai/gpt-5.5": 6,
      "openai/gpt-oss-120b": 3.666666666666667,
      "openai/o3": 4,
      "openai/o3-mini": 4,
      "openai/o4-mini": 4,
      "zai-org/GLM-5.1-FP8": 3.8823529411764706
    },
    "model_price": {},
    "model_ratio": {
      "Qwen/Qwen3-30B-A3B-Instruct-2507": 0.075,
      "Qwen/Qwen3-Embedding-0.6B": 0.005,
      "Qwen/Qwen3-Reranker-0.6B": 0.005,
      "Qwen/Qwen3-VL-30B-A3B-Instruct": 0.075,
      "Qwen/Qwen3.5-122B-A10B": 0.2,
      "anthropic/claude-haiku-4-5": 0.5,
      "anthropic/claude-opus-4-6": 2.5,
      "anthropic/claude-opus-4-7": 2.5,
      "anthropic/claude-sonnet-4-5": 1.5,
      "anthropic/claude-sonnet-4-6": 1.5,
      "black-forest-labs/FLUX.2-klein-4B": 0.5,
      "google/gemini-2.5-flash": 0.5,
      "google/gemini-2.5-flash-lite": 0.15,
      "google/gemini-2.5-pro": 0.625,
      "google/gemini-3.1-flash-lite": 0.25,
      "openai/gpt-4.1": 1,
      "openai/gpt-4.1-mini": 0.2,
      "openai/gpt-4.1-nano": 0.05,
      "openai/gpt-5": 0.625,
      "openai/gpt-5-mini": 0.125,
      "openai/gpt-5-nano": 0.025,
      "openai/gpt-5.1": 0.625,
      "openai/gpt-5.2": 0.9,
      "openai/gpt-5.4": 1.25,
      "openai/gpt-5.4-mini": 0.375,
      "openai/gpt-5.4-nano": 0.1,
      "openai/gpt-5.5": 2.5,
      "openai/gpt-oss-120b": 0.075,
      "openai/o3": 1,
      "openai/o3-mini": 0.55,
      "openai/o4-mini": 0.55,
      "openai/whisper-large-v3": 0.005,
      "zai-org/GLM-5.1-FP8": 0.425
    }
  },
  "message": "",
  "success": true
}