{
  "data": {
    "cache_ratio": {},
    "completion_ratio": {
      "claude-haiku-4-5-20251001": 5.07142857142857,
      "claude-opus-4-5-20251101": 5.028169014084507,
      "claude-sonnet-4-5-20250929": 4.976744186046512,
      "gemini-2.5-flash": 7.888888888888888,
      "gemini-3-flash-preview": 6.142857142857142,
      "gemini-3-pro-preview": 6.017543859649123,
      "gpt-5-mini": 7.249999999999999,
      "gpt-5.2": 8,
      "gpt-5.2-codex": 8.14285714285714
    },
    "model_price": {},
    "model_ratio": {
      "claude-haiku-4-5-20251001": 0.07,
      "claude-opus-4-5-20251101": 0.355,
      "claude-sonnet-4-5-20250929": 0.215,
      "gemini-2.5-flash": 0.045,
      "gemini-3-flash-preview": 0.035,
      "gemini-3-pro-preview": 0.285,
      "gpt-5-mini": 0.02,
      "gpt-5.2": 0.125,
      "gpt-5.2-codex": 0.07
    }
  },
  "message": "",
  "success": true
}