{
  "data": {
    "cache_ratio": {
      "deepseek-v4-pro": 0.008333333333333333,
      "gemini-3.1-flash-lite-preview": 0.1,
      "gemini-3.1-pro-preview": 0.1,
      "glm-5.2": 0.25,
      "gpt-5-mini": 0.12,
      "gpt-5.1-codex": 0.1,
      "gpt-5.1-codex-max": 0.1,
      "gpt-5.2-codex": 0.09999999999999999,
      "gpt-5.3-codex": 0.09999999999999999,
      "gpt-5.4": 0.1,
      "gpt-5.4-mini": 0.09999999999999999,
      "gpt-5.4-nano": 0.09999999999999999,
      "gpt-5.5": 0.1
    },
    "completion_ratio": {
      "deepseek-v3.2": 1.4999999999999998,
      "deepseek-v4-pro": 2,
      "gemini-3.1-flash-lite-preview": 6,
      "gemini-3.1-pro-preview": 6,
      "glm-5.2": 3.5000000000000004,
      "gpt-5-mini": 8,
      "gpt-5.1-codex": 8,
      "gpt-5.1-codex-max": 8,
      "gpt-5.2-codex": 8,
      "gpt-5.3-codex": 8,
      "gpt-5.4": 6,
      "gpt-5.4-mini": 6,
      "gpt-5.4-nano": 6.25,
      "gpt-5.5": 6
    },
    "model_price": {},
    "model_ratio": {
      "deepseek-v3.2": 0.14,
      "deepseek-v4-pro": 0.2175,
      "gemini-3.1-flash-lite-preview": 0.125,
      "gemini-3.1-pro-preview": 1,
      "glm-5.2": 0.6,
      "gpt-5-mini": 0.125,
      "gpt-5.1-codex": 0.625,
      "gpt-5.1-codex-max": 0.625,
      "gpt-5.2-codex": 0.875,
      "gpt-5.3-codex": 0.875,
      "gpt-5.4": 1.25,
      "gpt-5.4-mini": 0.375,
      "gpt-5.4-nano": 0.1,
      "gpt-5.5": 2.5
    }
  },
  "message": "",
  "success": true
}