{
  "data": {
    "cache_ratio": {
      "anthropic/claude-3.5-haiku": 0.09999999999999999,
      "anthropic/claude-3.5-sonnet": 0.09999999999999999,
      "anthropic/claude-3.7-sonnet": 0.09999999999999999,
      "anthropic/claude-haiku-4.5": 0.1,
      "anthropic/claude-opus-4": 0.1,
      "anthropic/claude-opus-4.1": 0.1,
      "anthropic/claude-opus-4.5": 0.1,
      "anthropic/claude-opus-4.6": 0.1,
      "anthropic/claude-sonnet-4": 0.09999999999999999,
      "anthropic/claude-sonnet-4.5": 0.09999999999999999,
      "deepseek/deepseek-chat": 0.10714285714285712,
      "google/gemini-2.5-flash": 0.23333333333333336,
      "google/gemini-2.5-flash-lite": 0.3,
      "google/gemini-2.5-pro": 0.248,
      "google/gemini-3-flash-preview": 0.1,
      "google/gemini-3-pro-preview": 0.1,
      "inclusionai/ling-1t": 0.19642857142857142,
      "inclusionai/ring-1t": 0.19642857142857142,
      "kuaishou/kat-coder-pro-v1": 0.2,
      "minimax/minimax-m2": 0.1,
      "minimax/minimax-m2.1": 0.1,
      "minimax/minimax-m2.5": 0.1,
      "minimax/minimax-m2.5-lightning": 0.1,
      "moonshotai/kimi-k2-0905": 0.25,
      "moonshotai/kimi-k2-thinking": 0.25,
      "moonshotai/kimi-k2-thinking-turbo": 0.13043478260869565,
      "moonshotai/kimi-k2.5": 0.1724137931034483,
      "openai/gpt-5": 0.096,
      "openai/gpt-5-codex": 0.096,
      "openai/gpt-5.1": 0.096,
      "openai/gpt-5.1-chat": 0.096,
      "openai/gpt-5.1-codex": 0.096,
      "openai/gpt-5.1-codex-mini": 0.12,
      "openai/gpt-5.2": 0.09714285714285716,
      "openai/gpt-5.2-codex": 0.09714285714285716,
      "qwen/qwen3-coder-plus": 0.1,
      "volcengine/doubao-seed-1.8": 0.18181818181818182,
      "volcengine/doubao-seed-code": 0.1764705882352941,
      "x-ai/grok-4": 0.25,
      "x-ai/grok-4-fast": 0.25,
      "x-ai/grok-4.1-fast": 0.25,
      "x-ai/grok-4.1-fast-non-reasoning": 0.25,
      "x-ai/grok-code-fast-1": 0.09999999999999999,
      "xiaomi/mimo-v2-flash": 0.09999999999999999,
      "z-ai/glm-4.5": 0.20000000000000004,
      "z-ai/glm-4.5-air": 0.18181818181818182,
      "z-ai/glm-4.6": 0.20000000000000004,
      "z-ai/glm-4.6v": 0.21428571428571425,
      "z-ai/glm-4.6v-flash": 0.215,
      "z-ai/glm-4.7": 0.21428571428571425,
      "z-ai/glm-4.7-flashx": 0.14285714285714285,
      "z-ai/glm-5": 0.24137931034482762
    },
    "completion_ratio": {
      "anthropic/claude-3.5-haiku": 5,
      "anthropic/claude-3.5-sonnet": 5,
      "anthropic/claude-3.7-sonnet": 5,
      "anthropic/claude-haiku-4.5": 5,
      "anthropic/claude-opus-4": 5,
      "anthropic/claude-opus-4.1": 5,
      "anthropic/claude-opus-4.5": 5,
      "anthropic/claude-opus-4.6": 5,
      "anthropic/claude-sonnet-4": 5,
      "anthropic/claude-sonnet-4.5": 5,
      "baidu/ernie-5.0-thinking-preview": 4.011904761904762,
      "deepseek/deepseek-chat": 1.4999999999999998,
      "deepseek/deepseek-v3.2": 1.5357142857142856,
      "deepseek/deepseek-v3.2-exp": 1.5,
      "google/gemini-2.5-flash": 8.333333333333334,
      "google/gemini-2.5-flash-lite": 4,
      "google/gemini-2.5-pro": 8,
      "google/gemini-3-flash-preview": 6,
      "google/gemini-3-pro-preview": 6,
      "inclusionai/ling-1t": 4,
      "inclusionai/ring-1t": 4,
      "kuaishou/kat-coder-pro-v1": 4,
      "minimax/minimax-m2": 4,
      "minimax/minimax-m2.1": 4,
      "minimax/minimax-m2.5": 4,
      "minimax/minimax-m2.5-lightning": 8,
      "moonshotai/kimi-k2-0905": 4.166666666666667,
      "moonshotai/kimi-k2-thinking": 4.166666666666667,
      "moonshotai/kimi-k2-thinking-turbo": 6.9565217391304355,
      "moonshotai/kimi-k2.5": 5.206896551724138,
      "openai/gpt-5": 8,
      "openai/gpt-5-codex": 8,
      "openai/gpt-5.1": 8,
      "openai/gpt-5.1-chat": 8,
      "openai/gpt-5.1-codex": 8,
      "openai/gpt-5.1-codex-mini": 8,
      "openai/gpt-5.2": 8,
      "openai/gpt-5.2-codex": 8,
      "qwen/qwen3-coder-plus": 5,
      "qwen/qwen3-max": 5,
      "stepfun/step-3": 2.714285714285714,
      "stepfun/step-3.5-flash": 2.9999999999999996,
      "volcengine/doubao-seed-1.8": 2.545454545454546,
      "volcengine/doubao-seed-code": 6.588235294117648,
      "x-ai/grok-4": 5,
      "x-ai/grok-4-fast": 2.5,
      "x-ai/grok-4.1-fast": 2.5,
      "x-ai/grok-4.1-fast-non-reasoning": 2.5,
      "x-ai/grok-code-fast-1": 7.5,
      "xiaomi/mimo-v2-flash": 2.9999999999999996,
      "z-ai/glm-4.5": 4.4,
      "z-ai/glm-4.5-air": 5.090909090909092,
      "z-ai/glm-4.6": 4.4,
      "z-ai/glm-4.6v": 2.9999999999999996,
      "z-ai/glm-4.6v-flash": 10.5,
      "z-ai/glm-4.7": 4.07142857142857,
      "z-ai/glm-4.7-flashx": 5.999999999999999,
      "z-ai/glm-5": 4.482758620689656
    },
    "model_price": {},
    "model_ratio": {
      "anthropic/claude-3.5-haiku": 0.4,
      "anthropic/claude-3.5-sonnet": 1.5,
      "anthropic/claude-3.7-sonnet": 1.5,
      "anthropic/claude-haiku-4.5": 0.5,
      "anthropic/claude-opus-4": 7.5,
      "anthropic/claude-opus-4.1": 7.5,
      "anthropic/claude-opus-4.5": 2.5,
      "anthropic/claude-opus-4.6": 2.5,
      "anthropic/claude-sonnet-4": 1.5,
      "anthropic/claude-sonnet-4.5": 1.5,
      "baidu/ernie-5.0-thinking-preview": 0.42,
      "deepseek/deepseek-chat": 0.14,
      "deepseek/deepseek-v3.2": 0.14,
      "deepseek/deepseek-v3.2-exp": 0.11,
      "google/gemini-2.5-flash": 0.15,
      "google/gemini-2.5-flash-lite": 0.05,
      "google/gemini-2.5-pro": 0.625,
      "google/gemini-3-flash-preview": 0.25,
      "google/gemini-3-pro-preview": 1,
      "inclusionai/ling-1t": 0.28,
      "inclusionai/ring-1t": 0.28,
      "kuaishou/kat-coder-pro-v1": 0.15,
      "minimax/minimax-m2": 0.15,
      "minimax/minimax-m2.1": 0.15,
      "minimax/minimax-m2.5": 0.15,
      "minimax/minimax-m2.5-lightning": 0.3,
      "moonshotai/kimi-k2-0905": 0.3,
      "moonshotai/kimi-k2-thinking": 0.3,
      "moonshotai/kimi-k2-thinking-turbo": 0.575,
      "moonshotai/kimi-k2.5": 0.29,
      "openai/gpt-5": 0.625,
      "openai/gpt-5-codex": 0.625,
      "openai/gpt-5.1": 0.625,
      "openai/gpt-5.1-chat": 0.625,
      "openai/gpt-5.1-codex": 0.625,
      "openai/gpt-5.1-codex-mini": 0.125,
      "openai/gpt-5.2": 0.875,
      "openai/gpt-5.2-codex": 0.875,
      "qwen/qwen3-coder-plus": 0.5,
      "qwen/qwen3-max": 0.6,
      "stepfun/step-3": 0.105,
      "stepfun/step-3.5-flash": 0.05,
      "volcengine/doubao-seed-1.8": 0.055,
      "volcengine/doubao-seed-code": 0.085,
      "x-ai/grok-4": 1.5,
      "x-ai/grok-4-fast": 0.1,
      "x-ai/grok-4.1-fast": 0.1,
      "x-ai/grok-4.1-fast-non-reasoning": 0.1,
      "x-ai/grok-code-fast-1": 0.1,
      "xiaomi/mimo-v2-flash": 0.05,
      "z-ai/glm-4.5": 0.175,
      "z-ai/glm-4.5-air": 0.055,
      "z-ai/glm-4.6": 0.175,
      "z-ai/glm-4.6v": 0.07,
      "z-ai/glm-4.6v-flash": 0.01,
      "z-ai/glm-4.7": 0.14,
      "z-ai/glm-4.7-flashx": 0.035,
      "z-ai/glm-5": 0.29
    }
  },
  "message": "",
  "success": true
}