{
  "data": {
    "cache_ratio": {
      "anthropic/claude-3.5-haiku": 0.09999999999999999,
      "anthropic/claude-3.7-sonnet": 0.09999999999999999,
      "anthropic/claude-fable-5": 0.1,
      "anthropic/claude-haiku-4.5": 0.1,
      "anthropic/claude-opus-4": 0.1,
      "anthropic/claude-opus-4.1": 0.1,
      "anthropic/claude-opus-4.5": 0.1,
      "anthropic/claude-opus-4.6": 0.1,
      "anthropic/claude-opus-4.7": 0.1,
      "anthropic/claude-opus-4.8": 0.1,
      "anthropic/claude-sonnet-4": 0.09999999999999999,
      "anthropic/claude-sonnet-4.5": 0.09999999999999999,
      "anthropic/claude-sonnet-4.6": 0.09999999999999999,
      "anthropic/claude-sonnet-5": 0.1,
      "deepseek/deepseek-chat": 0.10714285714285712,
      "deepseek/deepseek-v4-flash": 0.019999999999999997,
      "deepseek/deepseek-v4-pro": 0.008333333333333333,
      "google/gemini-2.5-flash": 0.23333333333333336,
      "google/gemini-2.5-flash-lite": 0.3,
      "google/gemini-2.5-pro": 0.248,
      "google/gemini-3-flash-preview": 0.1,
      "google/gemini-3.1-flash-lite": 0.1,
      "google/gemini-3.1-pro-preview": 0.1,
      "google/gemini-3.5-flash": 0.09999999999999999,
      "inclusionai/ling-1t": 0.19642857142857142,
      "inclusionai/ring-1t": 0.19642857142857142,
      "inclusionai/ring-2.6-1t": 0.2,
      "kuaishou/kat-coder-pro-v2": 0.2,
      "minimax/minimax-m2": 0.1,
      "minimax/minimax-m2.1": 0.1,
      "minimax/minimax-m2.5": 0.1,
      "minimax/minimax-m2.5-lightning": 0.1,
      "moonshotai/kimi-k2-0905": 0.25,
      "moonshotai/kimi-k2-thinking": 0.25,
      "moonshotai/kimi-k2-thinking-turbo": 0.13043478260869565,
      "moonshotai/kimi-k2.5": 0.1724137931034483,
      "moonshotai/kimi-k2.6": 0.16842105263157897,
      "moonshotai/kimi-k2.7-code": 0.16842105263157897,
      "moonshotai/kimi-k3": 0.09999999999999999,
      "openai/gpt-5": 0.096,
      "openai/gpt-5-codex": 0.096,
      "openai/gpt-5.1": 0.096,
      "openai/gpt-5.1-chat": 0.096,
      "openai/gpt-5.1-codex": 0.096,
      "openai/gpt-5.1-codex-mini": 0.12,
      "openai/gpt-5.2": 0.09714285714285716,
      "openai/gpt-5.2-codex": 0.09714285714285716,
      "openai/gpt-5.5": 0.1,
      "openai/gpt-5.5-instant": 0.1,
      "openai/gpt-5.6-luna": 0.1,
      "openai/gpt-5.6-sol": 0.1,
      "openai/gpt-5.6-terra": 0.1,
      "qwen/qwen3-coder-plus": 0.1,
      "qwen/qwen3.6-plus": 0.1,
      "qwen/qwen3.7-max": 0.2,
      "qwen/qwen3.7-plus": 0.19999999999999998,
      "tencent/hy3-preview": 0.33720930232558144,
      "volcengine/doubao-seed-1.8": 0.18181818181818182,
      "volcengine/doubao-seed-2.0-lite": 0.22222222222222224,
      "volcengine/doubao-seed-2.0-mini": 0.33333333333333337,
      "volcengine/doubao-seed-2.0-pro": 0.19999999999999998,
      "volcengine/doubao-seed-code": 0.1764705882352941,
      "x-ai/grok-4": 0.25,
      "x-ai/grok-4-fast": 0.25,
      "x-ai/grok-4.1-fast": 0.25,
      "x-ai/grok-4.1-fast-non-reasoning": 0.25,
      "x-ai/grok-4.3": 0.16,
      "x-ai/grok-4.5": 0.25,
      "x-ai/grok-build-0.1": 0.2,
      "x-ai/grok-code-fast-1": 0.09999999999999999,
      "xiaomi/mimo-v2-flash": 0.09999999999999999,
      "xiaomi/mimo-v2-omni": 0.19999999999999998,
      "xiaomi/mimo-v2-pro": 0.2,
      "xiaomi/mimo-v2.5": 0.19999999999999998,
      "xiaomi/mimo-v2.5-pro": 0.2,
      "z-ai/glm-4.5": 0.20000000000000004,
      "z-ai/glm-4.5-air": 0.18181818181818182,
      "z-ai/glm-4.6": 0.20000000000000004,
      "z-ai/glm-4.6v": 0.21428571428571425,
      "z-ai/glm-4.6v-flash": 0.215,
      "z-ai/glm-4.7": 0.21428571428571425,
      "z-ai/glm-4.7-flashx": 0.14285714285714285,
      "z-ai/glm-5": 0.24137931034482762,
      "z-ai/glm-5.1": 0.2167179136772577,
      "z-ai/glm-5.2": 0.18571428571428572,
      "z-ai/glm-5v-turbo": 0.2400826446280992
    },
    "completion_ratio": {
      "anthropic/claude-3.5-haiku": 5,
      "anthropic/claude-3.7-sonnet": 5,
      "anthropic/claude-fable-5": 5,
      "anthropic/claude-haiku-4.5": 5,
      "anthropic/claude-opus-4": 5,
      "anthropic/claude-opus-4.1": 5,
      "anthropic/claude-opus-4.5": 5,
      "anthropic/claude-opus-4.6": 5,
      "anthropic/claude-opus-4.7": 5,
      "anthropic/claude-opus-4.8": 5,
      "anthropic/claude-sonnet-4": 5,
      "anthropic/claude-sonnet-4.5": 5,
      "anthropic/claude-sonnet-4.6": 5,
      "anthropic/claude-sonnet-5": 5,
      "baidu/ernie-5.0-thinking-preview": 4.011904761904762,
      "deepseek/deepseek-chat": 1.4999999999999998,
      "deepseek/deepseek-v3.2": 1.5357142857142856,
      "deepseek/deepseek-v3.2-exp": 1.5,
      "deepseek/deepseek-v4-flash": 2,
      "deepseek/deepseek-v4-pro": 2,
      "google/gemini-2.5-flash": 8.333333333333334,
      "google/gemini-2.5-flash-lite": 4,
      "google/gemini-2.5-pro": 8,
      "google/gemini-3-flash-preview": 6,
      "google/gemini-3.1-flash-lite": 6,
      "google/gemini-3.1-flash-lite-preview": 6,
      "google/gemini-3.1-pro-preview": 6,
      "google/gemini-3.5-flash": 6,
      "inclusionai/ling-1t": 4,
      "inclusionai/ring-1t": 4,
      "inclusionai/ring-2.6-1t": 8.333333333333334,
      "kuaishou/kat-coder-pro-v2": 4,
      "minimax/minimax-m2": 4,
      "minimax/minimax-m2.1": 4,
      "minimax/minimax-m2.5": 4,
      "minimax/minimax-m2.5-lightning": 8,
      "minimax/minimax-m2.7": 3.9996726677577743,
      "minimax/minimax-m2.7-highspeed": 3.9998363338788874,
      "minimax/minimax-m3": 4,
      "moonshotai/kimi-k2-0905": 4.166666666666667,
      "moonshotai/kimi-k2-thinking": 4.166666666666667,
      "moonshotai/kimi-k2-thinking-turbo": 6.9565217391304355,
      "moonshotai/kimi-k2.5": 5.206896551724138,
      "moonshotai/kimi-k2.6": 4.2105263157894735,
      "moonshotai/kimi-k2.7-code": 4.2105263157894735,
      "moonshotai/kimi-k3": 5,
      "openai/gpt-5": 8,
      "openai/gpt-5-codex": 8,
      "openai/gpt-5.1": 8,
      "openai/gpt-5.1-chat": 8,
      "openai/gpt-5.1-codex": 8,
      "openai/gpt-5.1-codex-mini": 8,
      "openai/gpt-5.2": 8,
      "openai/gpt-5.2-codex": 8,
      "openai/gpt-5.2-pro": 8,
      "openai/gpt-5.3-chat": 8,
      "openai/gpt-5.3-codex": 8,
      "openai/gpt-5.4": 5,
      "openai/gpt-5.4-mini": 6,
      "openai/gpt-5.4-nano": 6.25,
      "openai/gpt-5.4-pro": 5,
      "openai/gpt-5.5": 6,
      "openai/gpt-5.5-instant": 6,
      "openai/gpt-5.5-pro": 6,
      "openai/gpt-5.6-luna": 6,
      "openai/gpt-5.6-sol": 6,
      "openai/gpt-5.6-terra": 6,
      "qwen/qwen3-coder-plus": 5,
      "qwen/qwen3-max": 5,
      "qwen/qwen3.5-flash": 4,
      "qwen/qwen3.5-plus": 5.999999999999999,
      "qwen/qwen3.6-plus": 6,
      "qwen/qwen3.7-max": 3,
      "qwen/qwen3.7-plus": 4,
      "sapiens-ai/agnes-1.5-lite": 5,
      "sapiens-ai/agnes-1.5-pro": 5,
      "stepfun/step-3": 2.714285714285714,
      "stepfun/step-3.5-flash": 2.9999999999999996,
      "stepfun/step-3.7-flash": 5.749999999999999,
      "tencent/hy3-preview": 3.3255813953488373,
      "volcengine/doubao-seed-1.8": 2.545454545454546,
      "volcengine/doubao-seed-2.0-code": 4.977777777777778,
      "volcengine/doubao-seed-2.0-lite": 5.666666666666667,
      "volcengine/doubao-seed-2.0-mini": 9.333333333333334,
      "volcengine/doubao-seed-2.0-pro": 4.977777777777778,
      "volcengine/doubao-seed-code": 6.588235294117648,
      "x-ai/grok-4": 5,
      "x-ai/grok-4-fast": 2.5,
      "x-ai/grok-4.1-fast": 2.5,
      "x-ai/grok-4.1-fast-non-reasoning": 2.5,
      "x-ai/grok-4.2-fast": 3,
      "x-ai/grok-4.2-fast-non-reasoning": 3,
      "x-ai/grok-4.3": 2,
      "x-ai/grok-4.5": 3,
      "x-ai/grok-build-0.1": 2,
      "x-ai/grok-code-fast-1": 7.5,
      "xiaomi/mimo-v2-flash": 2.9999999999999996,
      "xiaomi/mimo-v2-omni": 5,
      "xiaomi/mimo-v2-pro": 3,
      "xiaomi/mimo-v2.5": 5,
      "xiaomi/mimo-v2.5-pro": 3,
      "z-ai/glm-4.5": 4.4,
      "z-ai/glm-4.5-air": 5.090909090909092,
      "z-ai/glm-4.6": 4.4,
      "z-ai/glm-4.6v": 2.9999999999999996,
      "z-ai/glm-4.6v-flash": 10.5,
      "z-ai/glm-4.7": 4.07142857142857,