{
  "data": {
    "cache_ratio": {
      "GLM-5.1": 0.1,
      "GLM-5.2": 0.16666666666666669,
      "Kimi-K2.6": 0.10294117647058824,
      "Qwen3.5-397B-A17B": 0.09302325581395349,
      "Qwen3.6-35B-A3B": 0.13333333333333333,
      "deepseek-v4-flash": 0.07142857142857142,
      "deepseek-v4-pro": 0.011494252873563218,
      "qwen3.7-max": 0.1
    },
    "completion_ratio": {
      "GLM-5.1": 3.2,
      "GLM-5.2": 3.4166666666666665,
      "Kimi-K2.6": 4.63235294117647,
      "Qwen3.5-397B-A17B": 6.046511627906977,
      "Qwen3.6-35B-A3B": 6.666666666666667,
      "deepseek-v4-flash": 2,
      "deepseek-v4-pro": 2,
      "qwen3.7-max": 3
    },
    "model_price": {},
    "model_ratio": {
      "GLM-5.1": 0.5,
      "GLM-5.2": 0.6,
      "Kimi-K2.6": 0.34,
      "Qwen3.5-397B-A17B": 0.215,
      "Qwen3.6-35B-A3B": 0.075,
      "deepseek-v4-flash": 0.07,
      "deepseek-v4-pro": 0.87,
      "qwen3.7-max": 2.5
    }
  },
  "message": "",
  "success": true
}