{
  "data": {
    "cache_ratio": {
      "GLM-5.1": 0.1,
      "GLM-5.2": 0.16666666666666669,
      "Kimi-K2.6": 0.16666666666666669,
      "MiniMax-M3": 0.21212121212121213,
      "Qwen3.5-397B-A17B": 0.09302325581395349,
      "glm5.2-fast": 0.16666666666666666
    },
    "completion_ratio": {
      "GLM-5.1": 3.2,
      "GLM-5.2": 3.4166666666666665,
      "Kimi-K2.6": 4.2105263157894735,
      "MiniMax-M3": 4,
      "Qwen3.5-397B-A17B": 6.046511627906977,
      "glm5.2-fast": 3.4166666666666665
    },
    "model_price": {},
    "model_ratio": {
      "GLM-5.1": 0.5,
      "GLM-5.2": 0.6,
      "Kimi-K2.6": 0.57,
      "MiniMax-M3": 0.165,
      "Qwen3.5-397B-A17B": 0.215,
      "glm5.2-fast": 1.5
    }
  },
  "message": "",
  "success": true
}