{
  "data": {
    "cache_ratio": {
      "GLM-5.1": 0.1,
      "Kimi-K2.6": 0.10227272727272727,
      "Qwen3.5-397B-A17B": 0.10416666666666667,
      "Qwen3.6-35B-A3B": 0.13333333333333333,
      "deepseek-v4-flash": 0.07142857142857142,
      "deepseek-v4-pro": 0.011494252873563218,
      "qwen3.7-max": 0.1
    },
    "completion_ratio": {
      "GLM-5.1": 3,
      "Kimi-K2.6": 4.363636363636363,
      "Qwen3.5-397B-A17B": 6,
      "Qwen3.6-35B-A3B": 6.666666666666667,
      "deepseek-v4-flash": 2,
      "deepseek-v4-pro": 2,
      "qwen3.7-max": 3
    },
    "model_price": {},
    "model_ratio": {
      "GLM-5.1": 0.6,
      "Kimi-K2.6": 0.44,
      "Qwen3.5-397B-A17B": 0.24,
      "Qwen3.6-35B-A3B": 0.075,
      "deepseek-v4-flash": 0.07,
      "deepseek-v4-pro": 0.87,
      "qwen3.7-max": 2.5
    }
  },
  "message": "",
  "success": true
}