{
  "data": {
    "cache_ratio": {
      "Kimi-K2.6": 0.09999999999999999,
      "Qwen3.6-35B-A3B": 0.10526315789473684
    },
    "completion_ratio": {
      "Kimi-K2.6": 4.363636363636363,
      "Qwen3.6-35B-A3B": 6.578947368421052
    },
    "model_price": {},
    "model_ratio": {
      "Kimi-K2.6": 0.55,
      "Qwen3.6-35B-A3B": 0.095
    }
  },
  "message": "",
  "success": true
}