{
  "data": {
    "cache_ratio": {
      "alicloud-deepseek-v4-flash": 0.19999999999999998,
      "alicloud-deepseek-v4-pro": 0.07692307692307693,
      "alicloud-glm-5.1": 0.20119047619047623,
      "claude-fable-5": 0.1,
      "claude-opus-4-6": 0.1,
      "claude-opus-4-6-think": 0.1,
      "claude-opus-4-7": 0.1,
      "claude-opus-4-7-think": 0.1,
      "claude-opus-4-8": 0.1,
      "claude-opus-4-8-think": 0.1,
      "claude-sonnet-4-6": 0.09999999999999999,
      "claude-sonnet-4-6-think": 0.09999999999999999,
      "claude-sonnet-5": 0.1,
      "coding-glm-5.1": 0.21666666666666667,
      "coding-xiaomi-mimo-v2.5": 0.2,
      "coding-xiaomi-mimo-v2.5-pro": 0.19999999999999998,
      "deep-deepseek-v4-flash": 0.2,
      "deep-deepseek-v4-pro": 0.009000000000000001,
      "doubao-seed-2-0-code-preview": 0.20091666666666666,
      "doubao-seed-2-0-lite-260428": 0.013333333333333336,
      "doubao-seed-2-0-mini-260428": 0.013333333333333334,
      "doubao-seed-2-0-pro": 0.20091666666666666,
      "gemini-2.5-flash": 0.03,
      "gemini-2.5-pro": 0.1,
      "gemini-3-flash-preview": 0.1,
      "gemini-3.1-flash-lite": 0.1,
      "gemini-3.1-pro-preview": 0.1,
      "gemini-3.1-pro-preview-customtools": 0.1,
      "gemini-3.5-flash": 1,
      "glm-5.2": 0.25,
      "glm-5v-turbo": 0.23999999999999996,
      "gpt-5.1": 0.10400000000000001,
      "gpt-5.1-codex": 0.1,
      "gpt-5.1-codex-mini": 0.1,
      "gpt-5.2": 0.09999999999999999,
      "gpt-5.2-codex": 0.09999999999999999,
      "gpt-5.3-codex": 0.09999999999999999,
      "gpt-5.4": 0.1,
      "gpt-5.4-mini": 0.09999999999999999,
      "gpt-5.5": 0.1,
      "gpt-5.6-luna": 0.1,
      "gpt-5.6-sol": 0.1,
      "gpt-5.6-terra": 0.1,
      "grok-4.3": 0.16,
      "grok-4.5": 0.25,
      "grok-build-0.1": 0.2,
      "hy3-preview": 0.29999999999999993,
      "kimi-k2.5": 0.16666666666666669,
      "kimi-k2.6": 0.16842105263157897,
      "kimi-k2.7-code": 0.1693,
      "kimi-k2.7-code-highspeed": 0.1693,
      "minimax-m2.7": 0.2,
      "qwen3.6-flash": 0.09941176470588234,
      "qwen3.6-max-preview": 0.09984251968503936,
      "qwen3.6-plus": 0.1007142857142857,
      "qwen3.7-max": 0.1,
      "qwen3.7-plus": 0.2,
      "xiaomi-mimo-v2.5": 0.19999999999999998,
      "xiaomi-mimo-v2.5-pro": 0.19999999999999998,
      "zai-glm-5.1": 0.21670059171597633
    },
    "completion_ratio": {
      "alicloud-deepseek-v4-flash": 2,
      "alicloud-deepseek-v4-pro": 2,
      "alicloud-glm-5.1": 4.023809523809524,
      "claude-fable-5": 5,
      "claude-opus-4-6": 5,
      "claude-opus-4-6-think": 5,
      "claude-opus-4-7": 5,
      "claude-opus-4-7-think": 5,
      "claude-opus-4-8": 5,
      "claude-opus-4-8-think": 5,
      "claude-sonnet-4-6": 5,
      "claude-sonnet-4-6-think": 5,
      "claude-sonnet-5": 5,
      "coding-glm-5.1": 3.666666666666667,
      "coding-minimax-m2.7": 1,
      "coding-minimax-m2.7-highspeed": 1,
      "coding-xiaomi-mimo-v2.5": 5,
      "coding-xiaomi-mimo-v2.5-pro": 2.9999999999999996,
      "deep-deepseek-v4-flash": 2,
      "deep-deepseek-v4-pro": 2,
      "doubao-seed-2-0-code-preview": 5.020833333333334,
      "doubao-seed-2-0-lite-260428": 0.40189125295508277,
      "doubao-seed-2-0-mini-260428": 0.6619385342789599,
      "doubao-seed-2-0-pro": 5.020833333333334,
      "gemini-2.5-flash": 2.5,
      "gemini-2.5-pro": 8,
      "gemini-3-flash-preview": 6,
      "gemini-3.1-flash-lite": 6,
      "gemini-3.1-pro-preview": 6,
      "gemini-3.1-pro-preview-customtools": 6,
      "gemini-3.5-flash": 6,
      "glm-5.2": 3.5,
      "glm-5v-turbo": 4.3999999999999995,
      "gpt-5.1": 8,
      "gpt-5.1-codex": 8,
      "gpt-5.1-codex-mini": 8,
      "gpt-5.2": 8,
      "gpt-5.2-codex": 8,
      "gpt-5.3-codex": 8,
      "gpt-5.4": 6,
      "gpt-5.4-mini": 6,
      "gpt-5.5": 6,
      "gpt-5.6-luna": 6,
      "gpt-5.6-sol": 6,
      "gpt-5.6-terra": 6,
      "grok-4.3": 2,
      "grok-4.5": 3,
      "grok-build-0.1": 2,
      "hy3-preview": 3.3332999999999995,
      "kimi-k2.5": 5,
      "kimi-k2.6": 4.2105263157894735,
      "kimi-k2.7-code": 4.21,
      "kimi-k2.7-code-highspeed": 4.21,
      "minimax-m2.7": 4,
      "qwen3.6-flash": 5.941176470588235,
      "qwen3.6-max-preview": 5.9921259842519685,
      "qwen3.6-plus": 6.035714285714285,
      "qwen3.7-max": 3.0000000000000004,
      "qwen3.7-plus": 4,
      "xiaomi-mimo-v2.5": 5,
      "xiaomi-mimo-v2.5-pro": 2.9999999999999996,
      "zai-glm-5.1": 4
    },
    "model_price": {},
    "model_ratio": {
      "alicloud-deepseek-v4-flash": 0.07,
      "alicloud-deepseek-v4-pro": 0.845,
      "alicloud-glm-5.1": 0.42,
      "claude-fable-5": 5.5,
      "claude-opus-4-6": 2.5,
      "claude-opus-4-6-think": 2.5,
      "claude-opus-4-7": 2.5,
      "claude-opus-4-7-think": 2.5,
      "claude-opus-4-8": 2.5,
      "claude-opus-4-8-think": 2.5,
      "claude-sonnet-4-6": 1.5,
      "claude-sonnet-4-6-think": 1.5,
      "claude-sonnet-5": 1,
      "coding-glm-5.1": 0.03,
      "coding-minimax-m2.7": 0.1,
      "coding-minimax-m2.7-highspeed": 0.1,
      "coding-xiaomi-mimo-v2.5": 0.04,
      "coding-xiaomi-mimo-v2.5-pro": 0.1,
      "deep-deepseek-v4-flash": 0.077,
      "deep-deepseek-v4-pro": 0.239,
      "doubao-seed-2-0-code-preview": 0.24,
      "doubao-seed-2-0-lite-260428": 0.6345,
      "doubao-seed-2-0-mini-260428": 0.2115,
      "doubao-seed-2-0-pro": 0.24,
      "gemini-2.5-flash": 0.5,
      "gemini-2.5-pro": 0.625,
      "gemini-3-flash-preview": 0.25,
      "gemini-3.1-flash-lite": 0.125,
      "gemini-3.1-pro-preview": 1,
      "gemini-3.1-pro-preview-customtools": 1,
      "gemini-3.5-flash": 0.75,
      "glm-5.2": 0.5634,
      "glm-5v-turbo": 0.3521,
      "gpt-5.1": 0.625,
      "gpt-5.1-codex": 0.625,
      "gpt-5.1-codex-mini": 0.125,
      "gpt-5.2": 0.875,
      "gpt-5.2-codex": 0.875,
      "gpt-5.3-codex": 0.875,
      "gpt-5.4": 1.25,
      "gpt-5.4-mini": 0.375,
      "gpt-5.5": 2.5,
      "gpt-5.6-luna": 0.5,
      "gpt-5.6-sol": 2.5,
      "gpt-5.6-terra": 1.25,
      "grok-4.3": 0.625,
      "grok-4.5": 1,
      "grok-build-0.1": 0.5,
      "hy3-preview": 0.085,
      "kimi-k2.5": 0.3,
      "kimi-k2.6": 0.475,
      "kimi-k2.7-code": 0.475,
      "kimi-k2.7-code-highspeed": 0.95,
      "minimax-m2.7": 0.15,
      "qwen3.6-flash": 0.085,
      "qwen3.6-max-preview": 0.635,
      "qwen3.6-plus": 0.14,
      "qwen3.7-max": 0.845,
      "qwen3.7-plus": 0.141,
      "xiaomi-mimo-v2.5": 0.22,
      "xiaomi-mimo-v2.5-pro": 0.55,
      "zai-glm-5.1": 0.4225
    }
  },
  "message": "",
  "success": true
}