{
  "data": {
    "cache_ratio": {
      "claude-haiku-4-5": 0.09999999999999999,
      "claude-opus-4-1": 0.09090909090909091,
      "claude-opus-4-5": 0.1,
      "claude-opus-4-6": 0.06,
      "claude-opus-4-6-think": 0.06,
      "claude-sonnet-4-5": 0.09090909090909091,
      "claude-sonnet-4-6": 0.09999999999999999,
      "claude-sonnet-4-6-think": 0.09999999999999999,
      "coding-glm-4.7": 2.0296296296296297,
      "gemini-2.5-flash": 0.26666666666666666,
      "gemini-2.5-pro": 0.248,
      "gemini-3-pro-preview": 0.25,
      "gemini-3-pro-preview-search": 0.25,
      "glm-4.7": 2.0296296296296297,
      "gpt-4.1": 0.25,
      "gpt-4.1-mini": 0.25,
      "gpt-4.1-nano": 0.3,
      "gpt-4o": 0.5,
      "gpt-5": 0.5,
      "gpt-5-codex": 0.10400000000000001,
      "gpt-5-mini": 0.5,
      "gpt-5-nano": 0.5,
      "gpt-5-pro": 0.5,
      "gpt-5.1": 0.1,
      "gpt-5.1-codex": 0.10400000000000001,
      "gpt-5.1-codex-max": 0.1,
      "gpt-5.1-codex-mini": 0.12,
      "gpt-5.2": 0.09999999999999999,
      "gpt-5.2-codex": 0.09999999999999999,
      "kimi-k2.5": 0.16666666666666669,
      "o4-mini": 0.5
    },
    "completion_ratio": {
      "Kimi-K2-0905": 3.9818181818181815,
      "claude-haiku-4-5": 5,
      "claude-opus-4-1": 5,
      "claude-opus-4-5": 5,
      "claude-opus-4-6": 5,
      "claude-opus-4-6-think": 5,
      "claude-sonnet-4-5": 5,
      "claude-sonnet-4-6": 5,
      "claude-sonnet-4-6-think": 5,
      "coding-glm-4.7": 4.074074074074074,
      "deepseek-v3.2": 1.5,
      "deepseek-v3.2-fast": 2.9909090909090907,
      "deepseek-v3.2-think": 1.5,
      "gemini-2.5-flash": 4,
      "gemini-2.5-pro": 4,
      "gemini-3-pro-preview": 6,
      "gemini-3-pro-preview-search": 6,
      "glm-4.6v": 2.928571428571428,
      "glm-4.7": 4.074074074074074,
      "gpt-4.1": 4,
      "gpt-4.1-mini": 4,
      "gpt-4.1-nano": 4,
      "gpt-4o": 4,
      "gpt-5": 4,
      "gpt-5-codex": 8,
      "gpt-5-mini": 4,
      "gpt-5-nano": 4,
      "gpt-5-pro": 4,
      "gpt-5.1": 8,
      "gpt-5.1-codex": 8,
      "gpt-5.1-codex-max": 8,
      "gpt-5.1-codex-mini": 8,
      "gpt-5.2": 8,
      "gpt-5.2-codex": 8,
      "kimi-k2.5": 5,
      "minimax-m2.1": 3.9655172413793105,
      "o4-mini": 4,
      "qwen3-235b-a22b-instruct-2507": 4,
      "qwen3-235b-a22b-thinking-2507": 9.999999999999998,
      "qwen3-coder-480b-a35b-instruct": 4.01219512195122,
      "qwen3-max-2026-01-23": 4.029411764705882
    },
    "model_price": {},
    "model_ratio": {
      "Kimi-K2-0905": 0.275,
      "claude-haiku-4-5": 0.55,
      "claude-opus-4-1": 8.25,
      "claude-opus-4-5": 2.5,
      "claude-opus-4-6": 2.5,
      "claude-opus-4-6-think": 2.5,
      "claude-sonnet-4-5": 1.65,
      "claude-sonnet-4-6": 1.5,
      "claude-sonnet-4-6-think": 1.5,
      "coding-glm-4.7": 0.135,
      "deepseek-v3.2": 0.15,
      "deepseek-v3.2-fast": 0.55,
      "deepseek-v3.2-think": 0.15,
      "gemini-2.5-flash": 0.0375,
      "gemini-2.5-pro": 0.625,
      "gemini-3-pro-preview": 1,
      "gemini-3-pro-preview-search": 1,
      "glm-4.6v": 0.07,
      "glm-4.7": 0.135,
      "gpt-4.1": 1,
      "gpt-4.1-mini": 0.2,
      "gpt-4.1-nano": 0.05,
      "gpt-4o": 1.25,
      "gpt-5": 2.5,
      "gpt-5-codex": 0.625,
      "gpt-5-mini": 0.75,
      "gpt-5-nano": 0.25,
      "gpt-5-pro": 3.5,
      "gpt-5.1": 0.625,
      "gpt-5.1-codex": 0.625,
      "gpt-5.1-codex-max": 0.625,
      "gpt-5.1-codex-mini": 0.125,
      "gpt-5.2": 0.875,
      "gpt-5.2-codex": 0.875,
      "kimi-k2.5": 0.3,
      "minimax-m2.1": 0.145,
      "o4-mini": 0.75,
      "qwen3-235b-a22b-instruct-2507": 0.14,
      "qwen3-235b-a22b-thinking-2507": 0.14,
      "qwen3-coder-480b-a35b-instruct": 0.41,
      "qwen3-max-2026-01-23": 0.17
    }
  },
  "message": "",
  "success": true
}