{
  "data": {
    "cache_ratio": {
      "MiniMaxAI/MiniMax-M2.5": 0.1111111111111111,
      "anthropic/claude-3-7-sonnet-latest": 0.1,
      "deepseek-ai/DeepSeek-R1-0528": 0.7,
      "deepseek-ai/DeepSeek-V3.2": 0.5,
      "moonshotai/Kimi-K2-Instruct-0905": 0.37499999999999994,
      "zai-org/GLM-4.6": 0.18604651162790697,
      "zai-org/GLM-4.7": 0.18604651162790697,
      "zai-org/GLM-5": 0.19999999999999998,
      "zai-org/GLM-5.1": 0.18571428571428572
    },
    "completion_ratio": {
      "MiniMaxAI/MiniMax-M2": 4.015748031496063,
      "MiniMaxAI/MiniMax-M2.1": 4.285714285714286,
      "MiniMaxAI/MiniMax-M2.5": 3.518518518518518,
      "Qwen/Qwen3-Coder-480B-A35B-Instruct": 4,
      "Qwen/Qwen3-Coder-480B-A35B-Instruct-Turbo": 4,
      "anthropic/claude-3-7-sonnet-latest": 5,
      "anthropic/claude-4-opus": 5,
      "deepseek-ai/DeepSeek-R1-0528": 4.3,
      "deepseek-ai/DeepSeek-V3.2": 1.4615384615384615,
      "meta-llama/Llama-3.1-70B-Instruct": 1,
      "meta-llama/Llama-3.1-70B-Instruct-Turbo": 1,
      "meta-llama/Llama-3.1-8B-Instruct": 2.5,
      "meta-llama/Llama-3.1-8B-Instruct-Turbo": 1.5,
      "meta-llama/Llama-3.3-70B-Instruct-Turbo": 3.1999999999999997,
      "meta-llama/Llama-4-Maverick-17B-128E-Instruct-FP8": 4,
      "meta-llama/Llama-4-Scout-17B-16E-Instruct": 3.75,
      "moonshotai/Kimi-K2-Instruct": 4,
      "moonshotai/Kimi-K2-Instruct-0905": 5,
      "moonshotai/Kimi-K2-Thinking": 4.25531914893617,
      "moonshotai/Kimi-K2.5": 5.6,
      "openai/gpt-oss-120b": 4.8,
      "openai/gpt-oss-20b": 4.666666666666667,
      "zai-org/GLM-4.5": 3.666666666666667,
      "zai-org/GLM-4.6": 4.046511627906977,
      "zai-org/GLM-4.6V": 3,
      "zai-org/GLM-4.7": 4.069767441860465,
      "zai-org/GLM-4.7-Flash": 6.666666666666667,
      "zai-org/GLM-5": 3.1999999999999997,
      "zai-org/GLM-5.1": 3.1428571428571432
    },
    "model_price": {},
    "model_ratio": {
      "MiniMaxAI/MiniMax-M2": 0.127,
      "MiniMaxAI/MiniMax-M2.1": 0.14,
      "MiniMaxAI/MiniMax-M2.5": 0.135,
      "Qwen/Qwen3-Coder-480B-A35B-Instruct": 0.2,
      "Qwen/Qwen3-Coder-480B-A35B-Instruct-Turbo": 0.15,
      "anthropic/claude-3-7-sonnet-latest": 1.65,
      "anthropic/claude-4-opus": 8.25,
      "deepseek-ai/DeepSeek-R1-0528": 0.25,
      "deepseek-ai/DeepSeek-V3.2": 0.13,
      "meta-llama/Llama-3.1-70B-Instruct": 0.2,
      "meta-llama/Llama-3.1-70B-Instruct-Turbo": 0.2,
      "meta-llama/Llama-3.1-8B-Instruct": 0.01,
      "meta-llama/Llama-3.1-8B-Instruct-Turbo": 0.01,
      "meta-llama/Llama-3.3-70B-Instruct-Turbo": 0.05,
      "meta-llama/Llama-4-Maverick-17B-128E-Instruct-FP8": 0.075,
      "meta-llama/Llama-4-Scout-17B-16E-Instruct": 0.04,
      "moonshotai/Kimi-K2-Instruct": 0.25,
      "moonshotai/Kimi-K2-Instruct-0905": 0.2,
      "moonshotai/Kimi-K2-Thinking": 0.235,
      "moonshotai/Kimi-K2.5": 0.25,
      "openai/gpt-oss-120b": 0.025,
      "openai/gpt-oss-20b": 0.015,
      "zai-org/GLM-4.5": 0.3,
      "zai-org/GLM-4.6": 0.215,
      "zai-org/GLM-4.6V": 0.15,
      "zai-org/GLM-4.7": 0.215,
      "zai-org/GLM-4.7-Flash": 0.03,
      "zai-org/GLM-5": 0.4,
      "zai-org/GLM-5.1": 0.7
    }
  },
  "message": "",
  "success": true
}