{
  "data": {
    "cache_ratio": {
      "MiniMaxAI/MiniMax-M2.5": 0.2,
      "Qwen/Qwen3.5-35B-A3B": 0.35714285714285715,
      "Qwen/Qwen3.5-397B-A17B": 0.4888888888888889,
      "XiaomiMiMo/MiMo-V2.5": 0.19999999999999998,
      "XiaomiMiMo/MiMo-V2.5-Pro": 0.2,
      "deepseek-ai/DeepSeek-R1-0528": 0.7,
      "deepseek-ai/DeepSeek-V3.2": 0.5,
      "deepseek-ai/DeepSeek-V4-Flash": 0.19999999999999998,
      "deepseek-ai/DeepSeek-V4-Pro": 0.07692307692307693,
      "moonshotai/Kimi-K2.5": 0.15555555555555556,
      "moonshotai/Kimi-K2.6": 0.19999999999999998,
      "moonshotai/Kimi-K2.7-Code": 0.2027027027027027,
      "zai-org/GLM-4.6": 0.18604651162790697,
      "zai-org/GLM-4.7": 0.19999999999999998,
      "zai-org/GLM-5": 0.2,
      "zai-org/GLM-5.1": 0.1952380952380952,
      "zai-org/GLM-5.2": 0.18947368421052632
    },
    "completion_ratio": {
      "MiniMaxAI/MiniMax-M2.5": 7.666666666666666,
      "Qwen/Qwen3-Coder-480B-A35B-Instruct-Turbo": 3.3333333333333335,
      "Qwen/Qwen3.5-35B-A3B": 7.142857142857142,
      "Qwen/Qwen3.5-397B-A17B": 6.666666666666666,
      "Qwen/Qwen3.6-35B-A3B": 6.333333333333333,
      "XiaomiMiMo/MiMo-V2.5": 5,
      "XiaomiMiMo/MiMo-V2.5-Pro": 3,
      "deepseek-ai/DeepSeek-R1-0528": 4.3,
      "deepseek-ai/DeepSeek-V3.2": 1.4615384615384615,
      "deepseek-ai/DeepSeek-V4-Flash": 2,
      "deepseek-ai/DeepSeek-V4-Pro": 2,
      "google/gemma-4-26B-A4B-it": 4.857142857142857,
      "google/gemma-4-31B-it": 2.923076923076923,
      "meta-llama/Llama-3.3-70B-Instruct-Turbo": 3.1999999999999997,
      "meta-llama/Llama-4-Maverick-17B-128E-Instruct-FP8": 4,
      "meta-llama/Llama-4-Scout-17B-16E-Instruct": 2.9999999999999996,
      "moonshotai/Kimi-K2.5": 5,
      "moonshotai/Kimi-K2.6": 4.666666666666667,
      "moonshotai/Kimi-K2.7-Code": 4.72972972972973,
      "openai/gpt-oss-120b": 4.871794871794872,
      "openai/gpt-oss-20b": 4.666666666666667,
      "zai-org/GLM-4.6": 4.046511627906977,
      "zai-org/GLM-4.7": 4.375,
      "zai-org/GLM-4.7-Flash": 6.666666666666667,
      "zai-org/GLM-5": 3.466666666666667,
      "zai-org/GLM-5.1": 3.333333333333333,
      "zai-org/GLM-5.2": 3.1578947368421053
    },
    "model_price": {},
    "model_ratio": {
      "MiniMaxAI/MiniMax-M2.5": 0.075,
      "Qwen/Qwen3-Coder-480B-A35B-Instruct-Turbo": 0.15,
      "Qwen/Qwen3.5-35B-A3B": 0.07,
      "Qwen/Qwen3.5-397B-A17B": 0.225,
      "Qwen/Qwen3.6-35B-A3B": 0.075,
      "XiaomiMiMo/MiMo-V2.5": 0.2,
      "XiaomiMiMo/MiMo-V2.5-Pro": 0.5,
      "deepseek-ai/DeepSeek-R1-0528": 0.25,
      "deepseek-ai/DeepSeek-V3.2": 0.13,
      "deepseek-ai/DeepSeek-V4-Flash": 0.05,
      "deepseek-ai/DeepSeek-V4-Pro": 0.65,
      "google/gemma-4-26B-A4B-it": 0.035,
      "google/gemma-4-31B-it": 0.065,
      "meta-llama/Llama-3.3-70B-Instruct-Turbo": 0.05,
      "meta-llama/Llama-4-Maverick-17B-128E-Instruct-FP8": 0.075,
      "meta-llama/Llama-4-Scout-17B-16E-Instruct": 0.05,
      "moonshotai/Kimi-K2.5": 0.225,
      "moonshotai/Kimi-K2.6": 0.375,
      "moonshotai/Kimi-K2.7-Code": 0.37,
      "openai/gpt-oss-120b": 0.0195,
      "openai/gpt-oss-20b": 0.015,
      "zai-org/GLM-4.6": 0.215,
      "zai-org/GLM-4.7": 0.2,
      "zai-org/GLM-4.7-Flash": 0.03,
      "zai-org/GLM-5": 0.3,
      "zai-org/GLM-5.1": 0.525,
      "zai-org/GLM-5.2": 0.475
    }
  },
  "message": "",
  "success": true
}