{
  "data": {
    "cache_ratio": {
      "MiniMaxAI/MiniMax-M2.5": 0.1111111111111111,
      "XiaomiMiMo/MiMo-V2.5": 0.19999999999999998,
      "XiaomiMiMo/MiMo-V2.5-Pro": 0.2,
      "deepseek-ai/DeepSeek-R1-0528": 0.7,
      "deepseek-ai/DeepSeek-V3.2": 0.5,
      "deepseek-ai/DeepSeek-V4-Flash": 0.19999999999999998,
      "deepseek-ai/DeepSeek-V4-Pro": 0.07692307692307693,
      "moonshotai/Kimi-K2.6": 0.19999999999999998,
      "zai-org/GLM-4.6": 0.18604651162790697,
      "zai-org/GLM-4.7": 0.18604651162790697,
      "zai-org/GLM-5": 0.19999999999999998,
      "zai-org/GLM-5.1": 0.18571428571428572
    },
    "completion_ratio": {
      "MiniMaxAI/MiniMax-M2.5": 3.518518518518518,
      "Qwen/Qwen3-Coder-480B-A35B-Instruct-Turbo": 4,
      "Qwen/Qwen3.5-35B-A3B": 4.749999999999999,
      "Qwen/Qwen3.5-397B-A17B": 6.296296296296296,
      "Qwen/Qwen3.6-35B-A3B": 5,
      "XiaomiMiMo/MiMo-V2.5": 5,
      "XiaomiMiMo/MiMo-V2.5-Pro": 3,
      "deepseek-ai/DeepSeek-R1-0528": 4.3,
      "deepseek-ai/DeepSeek-V3.2": 1.4615384615384615,
      "deepseek-ai/DeepSeek-V4-Flash": 2,
      "deepseek-ai/DeepSeek-V4-Pro": 2,
      "google/gemma-4-26B-A4B-it": 4.857142857142857,
      "google/gemma-4-31B-it": 2.923076923076923,
      "meta-llama/Llama-3.3-70B-Instruct-Turbo": 3.1999999999999997,
      "meta-llama/Llama-4-Maverick-17B-128E-Instruct-FP8": 4,
      "meta-llama/Llama-4-Scout-17B-16E-Instruct": 3.75,
      "moonshotai/Kimi-K2.5": 5.6,
      "moonshotai/Kimi-K2.6": 4.666666666666667,
      "openai/gpt-oss-120b": 4.8,
      "openai/gpt-oss-20b": 4.666666666666667,
      "zai-org/GLM-4.6": 4.046511627906977,
      "zai-org/GLM-4.7": 4.069767441860465,
      "zai-org/GLM-4.7-Flash": 6.666666666666667,
      "zai-org/GLM-5": 3.1999999999999997,
      "zai-org/GLM-5.1": 3.1428571428571432
    },
    "model_price": {},
    "model_ratio": {
      "MiniMaxAI/MiniMax-M2.5": 0.135,
      "Qwen/Qwen3-Coder-480B-A35B-Instruct-Turbo": 0.15,
      "Qwen/Qwen3.5-35B-A3B": 0.1,
      "Qwen/Qwen3.5-397B-A17B": 0.27,
      "Qwen/Qwen3.6-35B-A3B": 0.1,
      "XiaomiMiMo/MiMo-V2.5": 0.2,
      "XiaomiMiMo/MiMo-V2.5-Pro": 0.5,
      "deepseek-ai/DeepSeek-R1-0528": 0.25,
      "deepseek-ai/DeepSeek-V3.2": 0.13,
      "deepseek-ai/DeepSeek-V4-Flash": 0.05,
      "deepseek-ai/DeepSeek-V4-Pro": 0.65,
      "google/gemma-4-26B-A4B-it": 0.035,
      "google/gemma-4-31B-it": 0.065,
      "meta-llama/Llama-3.3-70B-Instruct-Turbo": 0.05,
      "meta-llama/Llama-4-Maverick-17B-128E-Instruct-FP8": 0.075,
      "meta-llama/Llama-4-Scout-17B-16E-Instruct": 0.04,
      "moonshotai/Kimi-K2.5": 0.25,
      "moonshotai/Kimi-K2.6": 0.375,
      "openai/gpt-oss-120b": 0.025,
      "openai/gpt-oss-20b": 0.015,
      "zai-org/GLM-4.6": 0.215,
      "zai-org/GLM-4.7": 0.215,
      "zai-org/GLM-4.7-Flash": 0.03,
      "zai-org/GLM-5": 0.4,
      "zai-org/GLM-5.1": 0.7
    }
  },
  "message": "",
  "success": true
}