{
  "data": {
    "cache_ratio": {},
    "completion_ratio": {
      "ArliAI/QwQ-32B-ArliAI-RpR-v1": 3.666666666666667,
      "MiniMaxAI/MiniMax-M2": 3.923076923076923,
      "NousResearch/DeepHermes-3-Mistral-24B-Preview": 3.933333333333333,
      "NousResearch/Hermes-4-14B": 3.666666666666667,
      "NousResearch/Hermes-4-405B-FP8": 4,
      "NousResearch/Hermes-4-70B": 3.4545454545454546,
      "OpenGVLab/InternVL3-78B": 3.714285714285714,
      "Qwen/Qwen2.5-72B-Instruct": 3.714285714285714,
      "Qwen/Qwen2.5-Coder-32B-Instruct": 4,
      "Qwen/Qwen2.5-VL-32B-Instruct": 4.3999999999999995,
      "Qwen/Qwen2.5-VL-72B-Instruct": 4.125,
      "Qwen/Qwen3-14B": 4.3999999999999995,
      "Qwen/Qwen3-235B-A22B": 4,
      "Qwen/Qwen3-235B-A22B-Instruct-2507": 6.875,
      "Qwen/Qwen3-235B-A22B-Thinking-2507": 5.454545454545454,
      "Qwen/Qwen3-30B-A3B": 3.666666666666667,
      "Qwen/Qwen3-30B-A3B-Instruct-2507": 4.125,
      "Qwen/Qwen3-32B": 4,
      "Qwen/Qwen3-Coder-30B-A3B-Instruct": 4.166666666666667,
      "Qwen/Qwen3-Coder-480B-A35B-Instruct-FP8": 4.318181818181818,
      "Qwen/Qwen3-Next-80B-A3B-Instruct": 8,
      "Qwen/Qwen3-VL-235B-A22B-Instruct": 4,
      "Qwen/Qwen3-VL-235B-A22B-Thinking": 4,
      "chutesai/Mistral-Small-3.1-24B-Instruct-2503": 4.3999999999999995,
      "chutesai/Mistral-Small-3.2-24B-Instruct-2506": 3,
      "deepseek-ai/DeepSeek-R1": 4,
      "deepseek-ai/DeepSeek-R1-0528": 4.375,
      "deepseek-ai/DeepSeek-R1-0528-Qwen3-8B": 5,
      "deepseek-ai/DeepSeek-R1-Distill-Llama-70B": 4.333333333333334,
      "deepseek-ai/DeepSeek-V3": 4,
      "deepseek-ai/DeepSeek-V3-0324": 3.5,
      "deepseek-ai/DeepSeek-V3.1": 4,
      "deepseek-ai/DeepSeek-V3.1-Terminus": 3.9130434782608696,
      "deepseek-ai/DeepSeek-V3.2-Exp": 1.4,
      "microsoft/MAI-DS-R1-FP8": 4,
      "moonshotai/Kimi-K2-Instruct-0905": 4.871794871794871,
      "moonshotai/Kimi-K2-Thinking": 4.090909090909091,
      "openai/gpt-oss-120b": 10,
      "rednote-hilab/dots.ocr": 1,
      "tngtech/DeepSeek-R1T-Chimera": 4,
      "tngtech/DeepSeek-TNG-R1T2-Chimera": 4,
      "unsloth/Mistral-Nemo-Instruct-2407": 3.666666666666667,
      "unsloth/Mistral-Small-24B-Instruct-2501": 4.3999999999999995,
      "unsloth/gemma-3-12b-it": 3.3333333333333335,
      "unsloth/gemma-3-27b-it": 4,
      "zai-org/GLM-4.5": 4.428571428571429,
      "zai-org/GLM-4.6": 4.375
    },
    "model_price": {},
    "model_ratio": {
      "ArliAI/QwQ-32B-ArliAI-RpR-v1": 0.015,
      "MiniMaxAI/MiniMax-M2": 0.13,
      "NousResearch/DeepHermes-3-Mistral-24B-Preview": 0.075,
      "NousResearch/Hermes-4-14B": 0.015,
      "NousResearch/Hermes-4-405B-FP8": 0.15,
      "NousResearch/Hermes-4-70B": 0.055,
      "OpenGVLab/InternVL3-78B": 0.035,
      "Qwen/Qwen2.5-72B-Instruct": 0.035,
      "Qwen/Qwen2.5-Coder-32B-Instruct": 0.02,
      "Qwen/Qwen2.5-VL-32B-Instruct": 0.025,
      "Qwen/Qwen2.5-VL-72B-Instruct": 0.04,
      "Qwen/Qwen3-14B": 0.025,
      "Qwen/Qwen3-235B-A22B": 0.15,
      "Qwen/Qwen3-235B-A22B-Instruct-2507": 0.04,
      "Qwen/Qwen3-235B-A22B-Thinking-2507": 0.055,
      "Qwen/Qwen3-30B-A3B": 0.03,
      "Qwen/Qwen3-30B-A3B-Instruct-2507": 0.04,
      "Qwen/Qwen3-32B": 0.025,
      "Qwen/Qwen3-Coder-30B-A3B-Instruct": 0.03,
      "Qwen/Qwen3-Coder-480B-A35B-Instruct-FP8": 0.11,
      "Qwen/Qwen3-Next-80B-A3B-Instruct": 0.05,
      "Qwen/Qwen3-VL-235B-A22B-Instruct": 0.15,
      "Qwen/Qwen3-VL-235B-A22B-Thinking": 0.15,
      "chutesai/Mistral-Small-3.1-24B-Instruct-2503": 0.025,
      "chutesai/Mistral-Small-3.2-24B-Instruct-2506": 0.03,
      "deepseek-ai/DeepSeek-R1": 0.15,
      "deepseek-ai/DeepSeek-R1-0528": 0.2,
      "deepseek-ai/DeepSeek-R1-0528-Qwen3-8B": 0.01,
      "deepseek-ai/DeepSeek-R1-Distill-Llama-70B": 0.015,
      "deepseek-ai/DeepSeek-V3": 0.15,
      "deepseek-ai/DeepSeek-V3-0324": 0.12,
      "deepseek-ai/DeepSeek-V3.1": 0.1,
      "deepseek-ai/DeepSeek-V3.1-Terminus": 0.115,
      "deepseek-ai/DeepSeek-V3.2-Exp": 0.125,
      "microsoft/MAI-DS-R1-FP8": 0.15,
      "moonshotai/Kimi-K2-Instruct-0905": 0.195,
      "moonshotai/Kimi-K2-Thinking": 0.275,
      "openai/gpt-oss-120b": 0.02,
      "rednote-hilab/dots.ocr": 0.005,
      "tngtech/DeepSeek-R1T-Chimera": 0.15,
      "tngtech/DeepSeek-TNG-R1T2-Chimera": 0.15,
      "unsloth/Mistral-Nemo-Instruct-2407": 0.015,
      "unsloth/Mistral-Small-24B-Instruct-2501": 0.025,
      "unsloth/gemma-3-12b-it": 0.015,
      "unsloth/gemma-3-27b-it": 0.065,
      "zai-org/GLM-4.5": 0.175,
      "zai-org/GLM-4.6": 0.2
    }
  },
  "message": "",
  "success": true
}