{
  "data": {
    "cache_ratio": {},
    "completion_ratio": {
      "Alibaba-NLP/Tongyi-DeepResearch-30B-A3B": 3.9,
      "ArliAI/QwQ-32B-ArliAI-RpR-v1": 3.666666666666667,
      "MiniMaxAI/MiniMax-M2": 3.923076923076923,
      "MiniMaxAI/MiniMax-M2.1-TEE": 4,
      "NousResearch/DeepHermes-3-Mistral-24B-Preview": 5,
      "NousResearch/Hermes-4-14B": 5,
      "NousResearch/Hermes-4-405B-FP8": 4,
      "NousResearch/Hermes-4-405B-FP8-TEE": 4,
      "NousResearch/Hermes-4-70B": 3.4545454545454546,
      "NousResearch/Hermes-4.3-36B": 3.9,
      "OpenGVLab/InternVL3-78B": 3.9,
      "Qwen/Qwen2.5-72B-Instruct": 4,
      "Qwen/Qwen2.5-Coder-32B-Instruct": 3.666666666666667,
      "Qwen/Qwen2.5-VL-32B-Instruct": 4.3999999999999995,
      "Qwen/Qwen2.5-VL-72B-Instruct": 3.714285714285714,
      "Qwen/Qwen2.5-VL-72B-Instruct-TEE": 4,
      "Qwen/Qwen3-14B": 4.3999999999999995,
      "Qwen/Qwen3-235B-A22B": 4,
      "Qwen/Qwen3-235B-A22B-Instruct-2507": 6.875,
      "Qwen/Qwen3-235B-A22B-Instruct-2507-TEE": 6.875,
      "Qwen/Qwen3-235B-A22B-Thinking-2507": 5.454545454545454,
      "Qwen/Qwen3-30B-A3B": 3.666666666666667,
      "Qwen/Qwen3-30B-A3B-Instruct-2507": 4.125,
      "Qwen/Qwen3-32B": 3,
      "Qwen/Qwen3-Coder-480B-A35B-Instruct-FP8-TEE": 4.318181818181818,
      "Qwen/Qwen3-Next-80B-A3B-Instruct": 8,
      "Qwen/Qwen3-VL-235B-A22B-Instruct": 4,
      "Qwen/Qwen3-VL-235B-A22B-Thinking": 4,
      "Qwen/Qwen3Guard-Gen-0.6B": 1,
      "XiaomiMiMo/MiMo-V2-Flash": 3.8235294117647056,
      "chutesai/Mistral-Small-3.1-24B-Instruct-2503": 3.666666666666667,
      "chutesai/Mistral-Small-3.2-24B-Instruct-2506": 3,
      "deepseek-ai/DeepSeek-R1-0528-TEE": 4.375,
      "deepseek-ai/DeepSeek-R1-Distill-Llama-70B": 3.666666666666667,
      "deepseek-ai/DeepSeek-R1-TEE": 4,
      "deepseek-ai/DeepSeek-V3": 4,
      "deepseek-ai/DeepSeek-V3-0324-TEE": 3.5,
      "deepseek-ai/DeepSeek-V3.1": 4,
      "deepseek-ai/DeepSeek-V3.1-TEE": 4,
      "deepseek-ai/DeepSeek-V3.1-Terminus-TEE": 3.9130434782608696,
      "deepseek-ai/DeepSeek-V3.2-Speciale-TEE": 1.5185185185185184,
      "deepseek-ai/DeepSeek-V3.2-TEE": 1.5185185185185184,
      "mistralai/Devstral-2-123B-Instruct-2512": 4.3999999999999995,
      "moonshotai/Kimi-K2-Instruct-0905": 4.871794871794871,
      "moonshotai/Kimi-K2-Thinking-TEE": 4.375,
      "nvidia/NVIDIA-Nemotron-3-Nano-30B-A3B-BF16": 4,
      "openai/gpt-oss-120b-TEE": 6.25,
      "openai/gpt-oss-20b": 5,
      "rednote-hilab/dots.ocr": 1,
      "tngtech/DeepSeek-R1T-Chimera": 4,
      "tngtech/DeepSeek-TNG-R1T2-Chimera": 4,
      "tngtech/TNG-R1T-Chimera-TEE": 4,
      "unsloth/Mistral-Nemo-Instruct-2407": 2,
      "unsloth/Mistral-Small-24B-Instruct-2501": 3.666666666666667,
      "unsloth/gemma-3-12b-it": 3.3333333333333335,
      "unsloth/gemma-3-27b-it": 3.75,
      "unsloth/gemma-3-4b-it": 3,
      "zai-org/GLM-4.5-Air": 4.3999999999999995,
      "zai-org/GLM-4.5-TEE": 4.428571428571429,
      "zai-org/GLM-4.6-TEE": 4.375,
      "zai-org/GLM-4.6V": 3,
      "zai-org/GLM-4.7-TEE": 3.75
    },
    "model_price": {},
    "model_ratio": {
      "Alibaba-NLP/Tongyi-DeepResearch-30B-A3B": 0.05,
      "ArliAI/QwQ-32B-ArliAI-RpR-v1": 0.015,
      "MiniMaxAI/MiniMax-M2": 0.13,
      "MiniMaxAI/MiniMax-M2.1-TEE": 0.15,
      "NousResearch/DeepHermes-3-Mistral-24B-Preview": 0.01,
      "NousResearch/Hermes-4-14B": 0.005,
      "NousResearch/Hermes-4-405B-FP8": 0.15,
      "NousResearch/Hermes-4-405B-FP8-TEE": 0.15,
      "NousResearch/Hermes-4-70B": 0.055,
      "NousResearch/Hermes-4.3-36B": 0.05,
      "OpenGVLab/InternVL3-78B": 0.05,
      "Qwen/Qwen2.5-72B-Instruct": 0.065,
      "Qwen/Qwen2.5-Coder-32B-Instruct": 0.015,
      "Qwen/Qwen2.5-VL-32B-Instruct": 0.025,
      "Qwen/Qwen2.5-VL-72B-Instruct": 0.035,
      "Qwen/Qwen2.5-VL-72B-Instruct-TEE": 0.075,
      "Qwen/Qwen3-14B": 0.025,
      "Qwen/Qwen3-235B-A22B": 0.15,
      "Qwen/Qwen3-235B-A22B-Instruct-2507": 0.04,
      "Qwen/Qwen3-235B-A22B-Instruct-2507-TEE": 0.04,
      "Qwen/Qwen3-235B-A22B-Thinking-2507": 0.055,
      "Qwen/Qwen3-30B-A3B": 0.03,
      "Qwen/Qwen3-30B-A3B-Instruct-2507": 0.04,
      "Qwen/Qwen3-32B": 0.04,
      "Qwen/Qwen3-Coder-480B-A35B-Instruct-FP8-TEE": 0.11,
      "Qwen/Qwen3-Next-80B-A3B-Instruct": 0.05,
      "Qwen/Qwen3-VL-235B-A22B-Instruct": 0.15,
      "Qwen/Qwen3-VL-235B-A22B-Thinking": 0.15,
      "Qwen/Qwen3Guard-Gen-0.6B": 0.005,
      "XiaomiMiMo/MiMo-V2-Flash": 0.085,
      "chutesai/Mistral-Small-3.1-24B-Instruct-2503": 0.015,
      "chutesai/Mistral-Small-3.2-24B-Instruct-2506": 0.03,
      "deepseek-ai/DeepSeek-R1-0528-TEE": 0.2,
      "deepseek-ai/DeepSeek-R1-Distill-Llama-70B": 0.015,
      "deepseek-ai/DeepSeek-R1-TEE": 0.15,
      "deepseek-ai/DeepSeek-V3": 0.15,
      "deepseek-ai/DeepSeek-V3-0324-TEE": 0.12,
      "deepseek-ai/DeepSeek-V3.1": 0.1,
      "deepseek-ai/DeepSeek-V3.1-TEE": 0.1,
      "deepseek-ai/DeepSeek-V3.1-Terminus-TEE": 0.115,
      "deepseek-ai/DeepSeek-V3.2-Speciale-TEE": 0.135,
      "deepseek-ai/DeepSeek-V3.2-TEE": 0.135,
      "mistralai/Devstral-2-123B-Instruct-2512": 0.025,
      "moonshotai/Kimi-K2-Instruct-0905": 0.195,
      "moonshotai/Kimi-K2-Thinking-TEE": 0.2,
      "nvidia/NVIDIA-Nemotron-3-Nano-30B-A3B-BF16": 0.03,
      "openai/gpt-oss-120b-TEE": 0.02,
      "openai/gpt-oss-20b": 0.01,
      "rednote-hilab/dots.ocr": 0.005,
      "tngtech/DeepSeek-R1T-Chimera": 0.15,
      "tngtech/DeepSeek-TNG-R1T2-Chimera": 0.15,
      "tngtech/TNG-R1T-Chimera-TEE": 0.15,
      "unsloth/Mistral-Nemo-Instruct-2407": 0.01,
      "unsloth/Mistral-Small-24B-Instruct-2501": 0.015,
      "unsloth/gemma-3-12b-it": 0.015,
      "unsloth/gemma-3-27b-it": 0.02,
      "unsloth/gemma-3-4b-it": 0.005,
      "zai-org/GLM-4.5-Air": 0.025,
      "zai-org/GLM-4.5-TEE": 0.175,
      "zai-org/GLM-4.6-TEE": 0.2,
      "zai-org/GLM-4.6V": 0.15,
      "zai-org/GLM-4.7-TEE": 0.2
    }
  },
  "message": "",
  "success": true
}