{
  "data": {
    "cache_ratio": {
      "claude-haiku-4-5": 0.1,
      "claude-opus-4-5": 0.1,
      "claude-opus-4-6": 0.1,
      "claude-sonnet-4-5": 0.09999999999999999,
      "gemini-2.5-flash": 0.25,
      "gemini-2.5-pro": 0.248,
      "gemini-3-flash-preview": 0.1,
      "gemini-3-pro-preview": 0.1,
      "gpt-4o": 0.5,
      "gpt-5": 0.10400000000000001,
      "gpt-5-mini": 0.12,
      "gpt-5-nano": 0.19999999999999998,
      "gpt-5.2": 0.09999999999999999
    },
    "completion_ratio": {
      "claude-haiku-4-5": 5,
      "claude-opus-4-5": 5,
      "claude-opus-4-6": 5,
      "claude-sonnet-4-5": 5,
      "deepseek-r1": 4,
      "gemini-2.5-flash": 8.333333333333334,
      "gemini-2.5-pro": 8,
      "gemini-3-flash-preview": 6,
      "gemini-3-pro-preview": 6,
      "gpt-4o": 4,
      "gpt-5": 8,
      "gpt-5-mini": 8,
      "gpt-5-nano": 8,
      "gpt-5.2": 8,
      "gpt-oss-120b": 4,
      "gpt-oss-20b": 2.857142857142857,
      "kimi-k2-thinking": 4.166666666666667,
      "kimi-k2.5": 5,
      "zai-glm-4.7": 3.666666666666667,
      "zai-glm-4.7-flash": 5.714285714285714
    },
    "model_price": {},
    "model_ratio": {
      "claude-haiku-4-5": 0.5,
      "claude-opus-4-5": 2.5,
      "claude-opus-4-6": 2.5,
      "claude-sonnet-4-5": 1.5,
      "deepseek-r1": 0.675,
      "gemini-2.5-flash": 0.15,
      "gemini-2.5-pro": 0.625,
      "gemini-3-flash-preview": 0.25,
      "gemini-3-pro-preview": 1,
      "gpt-4o": 1.25,
      "gpt-5": 0.625,
      "gpt-5-mini": 0.125,
      "gpt-5-nano": 0.025,
      "gpt-5.2": 0.875,
      "gpt-oss-120b": 0.075,
      "gpt-oss-20b": 0.035,
      "kimi-k2-thinking": 0.3,
      "kimi-k2.5": 0.3,
      "zai-glm-4.7": 0.3,
      "zai-glm-4.7-flash": 0.035
    }
  },
  "message": "",
  "success": true
}