{
  "data": {
    "cache_ratio": {
      "claude-haiku-4-5": 0.1,
      "claude-opus-4-6": 0.1,
      "claude-opus-4-7": 0.1,
      "claude-sonnet-4-6": 0.09999999999999999,
      "deepseek-v4-pro": 0.08045977011494254,
      "gemini-2.5-flash": 0.25,
      "gemini-2.5-pro": 0.248,
      "gemini-3-1-pro-preview": 0.1,
      "gemini-3-flash-preview": 0.1,
      "gpt-4o": 0.5,
      "gpt-5-3-codex": 0.09999999999999999,
      "gpt-5-4-mini": 0.09999999999999999,
      "gpt-5-4-nano": 0.09999999999999999,
      "gpt-5-5": 0.1,
      "grok-4-1-fast-non-reasoning": 0.25,
      "grok-4-1-fast-reasoning": 0.25,
      "grok-4-3": 0.16,
      "grok-code-fast-1": 0.09999999999999999,
      "kimi-k2-6": 0.16842105263157897,
      "kimi-k2.5": 0.16666666666666669,
      "minimax-m2-5": 0.1,
      "minimax-m2-7": 0.2,
      "qwen-3-6-plus": 0.2,
      "zai-glm-5-1": 0.18571428571428572
    },
    "completion_ratio": {
      "claude-haiku-4-5": 5,
      "claude-opus-4-6": 5,
      "claude-opus-4-7": 5,
      "claude-sonnet-4-6": 5,
      "deepseek-v4-pro": 2,
      "gemini-2.5-flash": 8.333333333333334,
      "gemini-2.5-pro": 8,
      "gemini-3-1-pro-preview": 6,
      "gemini-3-flash-preview": 6,
      "gpt-4o": 4,
      "gpt-5-3-codex": 8,
      "gpt-5-4-mini": 6,
      "gpt-5-4-nano": 6.25,
      "gpt-5-5": 6,
      "gpt-oss-120b": 4,
      "gpt-oss-20b": 2.857142857142857,
      "grok-4-1-fast-non-reasoning": 2.5,
      "grok-4-1-fast-reasoning": 2.5,
      "grok-4-3": 2,
      "grok-code-fast-1": 7.5,
      "kimi-k2-6": 4.2105263157894735,
      "kimi-k2.5": 5,
      "minimax-m2-5": 4,
      "minimax-m2-7": 4,
      "qwen-3-6-plus": 6,
      "zai-glm-5-1": 3.1428571428571432
    },
    "model_price": {},
    "model_ratio": {
      "claude-haiku-4-5": 0.5,
      "claude-opus-4-6": 2.5,
      "claude-opus-4-7": 2.5,
      "claude-sonnet-4-6": 1.5,
      "deepseek-v4-pro": 0.87,
      "gemini-2.5-flash": 0.15,
      "gemini-2.5-pro": 0.625,
      "gemini-3-1-pro-preview": 1,
      "gemini-3-flash-preview": 0.25,
      "gpt-4o": 1.25,
      "gpt-5-3-codex": 0.875,
      "gpt-5-4-mini": 0.375,
      "gpt-5-4-nano": 0.1,
      "gpt-5-5": 1.25,
      "gpt-oss-120b": 0.075,
      "gpt-oss-20b": 0.035,
      "grok-4-1-fast-non-reasoning": 0.1,
      "grok-4-1-fast-reasoning": 0.1,
      "grok-4-3": 0.625,
      "grok-code-fast-1": 0.1,
      "kimi-k2-6": 0.475,
      "kimi-k2.5": 0.3,
      "minimax-m2-5": 0.15,
      "minimax-m2-7": 0.15,
      "qwen-3-6-plus": 0.25,
      "zai-glm-5-1": 0.7
    }
  },
  "message": "",
  "success": true
}