{
  "data": {
    "cache_ratio": {
      "claude-opus4-7": 0.10000000000000002,
      "claude-opus4-8": 0.09982269503546098,
      "codestral-2508": 0.1,
      "deepseek-v4-flash": 0.021052631578947368,
      "deepseek-v4-pro": 0.0023341918866709595,
      "glm-5-turbo": 0.24939271255060727,
      "glm-5.1": 0.18320610687022898,
      "glm-5v-turbo": 0.24939271255060727,
      "gpt-5.4": 0.08333333333333333,
      "kimi-k2.6": 0.24691358024691357,
      "llama-4-maverick": 0.24193548387096772,
      "minimax-m3": 0.2507042253521127,
      "mistral-large-2512": 0.1
    },
    "completion_ratio": {
      "claude-4-5-sonnet": 5.000306842589751,
      "claude-4-6-sonnet": 4.991643454038998,
      "claude-haiku-4-5": 4.981651376146789,
      "claude-opus4-5": 4.998327759197324,
      "claude-opus4-6": 4.998327759197324,
      "claude-opus4-7": 4.998214285714286,
      "claude-opus4-8": 4.999645390070922,
      "claude-sonnet-4": 5.00030238887209,
      "codestral-2508": 3,
      "deepseek-r1-0528": 3.943589743589744,
      "deepseek-v3-0324": 3.0018148820326673,
      "deepseek-v3.2": 1.669172932330827,
      "deepseek-v4-flash": 2,
      "deepseek-v4-pro": 2,
      "gemini-2.5-pro": 6.665054413542926,
      "glm-4.5": 3.671641791044776,
      "glm-4.5-air": 6.090909090909091,
      "glm-4.7": 4.955555555555556,
      "glm-4.7-flash": 5.888888888888889,
      "glm-5": 3.185185185185185,
      "glm-5-turbo": 3.334412955465587,
      "glm-5.1": 3.129770992366412,
      "glm-5v-turbo": 3.334412955465587,
      "gpt-4.1": 4.000424808836024,
      "gpt-5.4": 5.376666666666666,
      "hermes-4-70b": 3.0862068965517238,
      "intellect-3": 5.488584474885845,
      "kimi-k2-instruct": 4.802177858439201,
      "kimi-k2-thinking": 4.163109756097561,
      "kimi-k2.5": 5.018181818181818,
      "kimi-k2.6": 4.37037037037037,
      "llama-3.3-70b-instruct": 3.0898876404494384,
      "llama-4-maverick": 4.862903225806451,
      "minimax-m2": 4.0256410256410255,
      "minimax-m2.1": 3.941176470588235,
      "minimax-m2.5": 3.6874999999999996,
      "minimax-m2.7": 2.978723404255319,
      "minimax-m3": 5,
      "mistral-large-2512": 3,
      "mixtral-8x7B-instruct-v0.1": 1.5525114155251143,
      "nemotron-3-super-120b-a12b": 3.0037593984962405,
      "nova-pro-v1": 3.997047244094488,
      "qwen-2.5-72b-instruct": 3.7258064516129035,
      "qwen3-235b-a22b-instruct-2507": 6.580645161290322,
      "qwen3-32b": 3.3333333333333335,
      "qwen3-coder-30b-a3b-instruct": 4.188679245283019,
      "qwen3-coder-480b-a35b-instruct": 4.498866213151928,
      "qwen3-coder-next": 5.3164556962025316,
      "qwen3-next-80b-a3b-thinking": 7.99390243902439,
      "qwen3.5-122b-a10b": 6.995495495495495,
      "qwen3.5-397b-a17b": 6
    },
    "model_price": {},
    "model_ratio": {
      "claude-4-5-sonnet": 1.6295,
      "claude-4-6-sonnet": 1.795,
      "claude-haiku-4-5": 0.545,
      "claude-opus4-5": 2.99,
      "claude-opus4-6": 2.99,
      "claude-opus4-7": 2.8,
      "claude-opus4-8": 2.82,
      "claude-sonnet-4": 1.6535,
      "codestral-2508": 0.15,
      "deepseek-r1-0528": 0.2925,
      "deepseek-v3-0324": 0.2755,
      "deepseek-v3.2": 0.133,
      "deepseek-v4-flash": 0.0665,
      "deepseek-v4-pro": 0.7765,
      "gemini-2.5-pro": 0.827,
      "glm-4.5": 0.335,
      "glm-4.5-air": 0.11,
      "glm-4.7": 0.225,
      "glm-4.7-flash": 0.045,
      "glm-5": 0.54,
      "glm-5-turbo": 0.6175,
      "glm-5.1": 0.655,
      "glm-5v-turbo": 0.6175,
      "gpt-4.1": 1.177,
      "gpt-5.4": 1.5,
      "hermes-4-70b": 0.058,
      "intellect-3": 0.1095,
      "kimi-k2-instruct": 0.2755,
      "kimi-k2-thinking": 0.328,
      "kimi-k2.5": 0.275,
      "kimi-k2.6": 0.405,
      "llama-3.3-70b-instruct": 0.0445,
      "llama-4-maverick": 0.062,
      "minimax-m2": 0.195,
      "minimax-m2.1": 0.17,
      "minimax-m2.5": 0.16,
      "minimax-m2.7": 0.235,
      "minimax-m3": 0.1775,
      "mistral-large-2512": 0.25,
      "mixtral-8x7B-instruct-v0.1": 0.219,
      "nemotron-3-super-120b-a12b": 0.133,
      "nova-pro-v1": 0.508,
      "qwen-2.5-72b-instruct": 0.031,
      "qwen3-235b-a22b-instruct-2507": 0.031,
      "qwen3-32b": 0.0495,
      "qwen3-coder-30b-a3b-instruct": 0.0265,
      "qwen3-coder-480b-a35b-instruct": 0.2205,
      "qwen3-coder-next": 0.079,
      "qwen3-next-80b-a3b-thinking": 0.082,
      "qwen3.5-122b-a10b": 0.222,
      "qwen3.5-397b-a17b": 0.3
    }
  },
  "message": "",
  "success": true
}