{
  "data": {
    "cache_ratio": {
      "deepseek/deepseek-r1-0528": 0.5,
      "deepseek/deepseek-v3-0324": 0.5,
      "deepseek/deepseek-v3.1": 0.5,
      "deepseek/deepseek-v3.1-terminus": 0.5,
      "deepseek/deepseek-v3.2": 0.5,
      "kwaipilot/kat-coder-pro": 0.2,
      "minimax/minimax-m2": 0.1,
      "minimax/minimax-m2.1": 0.1,
      "moonshotai/kimi-k2.5": 0.16666666666666669,
      "xiaomimimo/mimo-v2-flash": 2.9999999999999996,
      "zai-org/glm-4.5": 0.18333333333333335,
      "zai-org/glm-4.5v": 0.18333333333333335,
      "zai-org/glm-4.6": 0.19999999999999998,
      "zai-org/glm-4.6v": 0.18333333333333335,
      "zai-org/glm-4.7": 0.18333333333333335,
      "zai-org/glm-4.7-flash": 0.14285714285714285
    },
    "completion_ratio": {
      "baichuan/baichuan-m2-32b": 1,
      "baidu/ernie-4.5-21B-a3b": 4,
      "baidu/ernie-4.5-21B-a3b-thinking": 4,
      "baidu/ernie-4.5-300b-a47b-paddle": 3.9285714285714284,
      "baidu/ernie-4.5-vl-28b-a3b": 4,
      "baidu/ernie-4.5-vl-28b-a3b-thinking": 1,
      "baidu/ernie-4.5-vl-424b-a47b": 2.9761904761904763,
      "deepseek/deepseek-ocr": 1,
      "deepseek/deepseek-prover-v2-671b": 3.5714285714285716,
      "deepseek/deepseek-r1-0528": 3.5714285714285716,
      "deepseek/deepseek-r1-0528-qwen3-8b": 1.5,
      "deepseek/deepseek-r1-distill-llama-70b": 1,
      "deepseek/deepseek-r1-turbo": 3.5714285714285716,
      "deepseek/deepseek-v3-0324": 4.148148148148148,
      "deepseek/deepseek-v3-turbo": 3.25,
      "deepseek/deepseek-v3.1": 3.7037037037037033,
      "deepseek/deepseek-v3.1-terminus": 3.7037037037037033,
      "deepseek/deepseek-v3.2": 1.486988847583643,
      "deepseek/deepseek-v3.2-exp": 1.5185185185185184,
      "google/gemma-3-27b-it": 1.6806722689075633,
      "gryphe/mythomax-l2-13b": 1,
      "kwaipilot/kat-coder-pro": 4,
      "meta-llama/llama-3-70b-instruct": 1.4509803921568627,
      "meta-llama/llama-3-8b-instruct": 1,
      "meta-llama/llama-3.1-8b-instruct": 2.5,
      "meta-llama/llama-3.3-70b-instruct": 2.962962962962963,
      "meta-llama/llama-4-maverick-17b-128e-instruct-fp8": 3.148148148148148,
      "meta-llama/llama-4-scout-17b-16e-instruct": 3.2777777777777777,
      "microsoft/wizardlm-2-8x22b": 1,
      "minimax/minimax-m2": 4,
      "minimax/minimax-m2.1": 4,
      "minimaxai/minimax-m1-80k": 4,
      "mistralai/mistral-nemo": 4.25,
      "moonshotai/kimi-k2-0905": 4.166666666666667,
      "moonshotai/kimi-k2-instruct": 4.035087719298246,
      "moonshotai/kimi-k2-thinking": 4.166666666666667,
      "moonshotai/kimi-k2.5": 5,
      "nousresearch/hermes-2-pro-llama-3-8b": 1,
      "openai/gpt-oss-120b": 5,
      "openai/gpt-oss-20b": 3.75,
      "paddlepaddle/paddleocr-vl": 1,
      "qwen/qwen-2.5-72b-instruct": 1.0526315789473684,
      "qwen/qwen-mt-plus": 3,
      "qwen/qwen2.5-7b-instruct": 1,
      "qwen/qwen2.5-vl-72b-instruct": 1,
      "qwen/qwen3-235b-a22b-fp8": 4,
      "qwen/qwen3-235b-a22b-instruct-2507": 6.444444444444445,
      "qwen/qwen3-235b-a22b-thinking-2507": 10,
      "qwen/qwen3-30b-a3b-fp8": 5,
      "qwen/qwen3-32b-fp8": 4.5,
      "qwen/qwen3-4b-fp8": 1,
      "qwen/qwen3-8b-fp8": 3.9428571428571426,
      "qwen/qwen3-coder-30b-a3b-instruct": 3.857142857142857,
      "qwen/qwen3-coder-480b-a35b-instruct": 4.333333333333334,
      "qwen/qwen3-max": 4.004739336492891,
      "qwen/qwen3-next-80b-a3b-instruct": 10,
      "qwen/qwen3-next-80b-a3b-thinking": 10,
      "qwen/qwen3-omni-30b-a3b-instruct": 0.8127272727272726,
      "qwen/qwen3-omni-30b-a3b-thinking": 0.8127272727272726,
      "qwen/qwen3-vl-235b-a22b-instruct": 5,
      "qwen/qwen3-vl-235b-a22b-thinking": 4.030612244897959,
      "qwen/qwen3-vl-30b-a3b-instruct": 3.4999999999999996,
      "qwen/qwen3-vl-30b-a3b-thinking": 5,
      "qwen/qwen3-vl-8b-instruct": 6.25,
      "sao10k/L3-8B-Stheno-v3.2": 1,
      "sao10k/l3-70b-euryale-v2.1": 1,
      "sao10k/l3-8b-lunaris": 1,
      "sao10k/l31-70b-euryale-v2.2": 1,
      "skywork/r1v4-lite": 2.9999999999999996,
      "xiaomimimo/mimo-v2-flash": 2.9999999999999996,
      "zai-org/autoglm-phone-9b-multilingual": 3.9428571428571426,
      "zai-org/glm-4.5": 3.666666666666667,
      "zai-org/glm-4.5-air": 6.538461538461538,
      "zai-org/glm-4.5v": 3,
      "zai-org/glm-4.6": 4,
      "zai-org/glm-4.6v": 3,
      "zai-org/glm-4.7": 3.666666666666667,
      "zai-org/glm-4.7-flash": 5.714285714285714
    },
    "model_price": {},
    "model_ratio": {
      "baichuan/baichuan-m2-32b": 0.035,
      "baidu/ernie-4.5-21B-a3b": 0.035,
      "baidu/ernie-4.5-21B-a3b-thinking": 0.035,
      "baidu/ernie-4.5-300b-a47b-paddle": 0.14,
      "baidu/ernie-4.5-vl-28b-a3b": 0.7,
      "baidu/ernie-4.5-vl-28b-a3b-thinking": 0.195,
      "baidu/ernie-4.5-vl-424b-a47b": 0.21,
      "deepseek/deepseek-ocr": 0.015,
      "deepseek/deepseek-prover-v2-671b": 0.35,
      "deepseek/deepseek-r1-0528": 0.35,
      "deepseek/deepseek-r1-0528-qwen3-8b": 0.03,
      "deepseek/deepseek-r1-distill-llama-70b": 0.4,
      "deepseek/deepseek-r1-turbo": 0.35,
      "deepseek/deepseek-v3-0324": 0.135,
      "deepseek/deepseek-v3-turbo": 0.2,
      "deepseek/deepseek-v3.1": 0.135,
      "deepseek/deepseek-v3.1-terminus": 0.135,
      "deepseek/deepseek-v3.2": 0.1345,
      "deepseek/deepseek-v3.2-exp": 0.135,
      "google/gemma-3-27b-it": 0.0595,
      "gryphe/mythomax-l2-13b": 0.045,
      "kwaipilot/kat-coder-pro": 0.15,
      "meta-llama/llama-3-70b-instruct": 0.255,
      "meta-llama/llama-3-8b-instruct": 0.02,
      "meta-llama/llama-3.1-8b-instruct": 0.01,
      "meta-llama/llama-3.3-70b-instruct": 0.0675,
      "meta-llama/llama-4-maverick-17b-128e-instruct-fp8": 0.135,
      "meta-llama/llama-4-scout-17b-16e-instruct": 0.09,
      "microsoft/wizardlm-2-8x22b": 0.31,
      "minimax/minimax-m2": 0.15,
      "minimax/minimax-m2.1": 0.15,
      "minimaxai/minimax-m1-80k": 0.275,
      "mistralai/mistral-nemo": 0.02,
      "moonshotai/kimi-k2-0905": 0.3,
      "moonshotai/kimi-k2-instruct": 0.285,
      "moonshotai/kimi-k2-thinking": 0.3,
      "moonshotai/kimi-k2.5": 0.3,
      "nousresearch/hermes-2-pro-llama-3-8b": 0.07,
      "openai/gpt-oss-120b": 0.025,
      "openai/gpt-oss-20b": 0.02,
      "paddlepaddle/paddleocr-vl": 0.01,
      "qwen/qwen-2.5-72b-instruct": 0.19,
      "qwen/qwen-mt-plus": 0.125,
      "qwen/qwen2.5-7b-instruct": 0.035,
      "qwen/qwen2.5-vl-72b-instruct": 0.4,
      "qwen/qwen3-235b-a22b-fp8": 0.1,
      "qwen/qwen3-235b-a22b-instruct-2507": 0.045,
      "qwen/qwen3-235b-a22b-thinking-2507": 0.15,
      "qwen/qwen3-30b-a3b-fp8": 0.045,
      "qwen/qwen3-32b-fp8": 0.05,
      "qwen/qwen3-4b-fp8": 0.015,
      "qwen/qwen3-8b-fp8": 0.0175,
      "qwen/qwen3-coder-30b-a3b-instruct": 0.035,
      "qwen/qwen3-coder-480b-a35b-instruct": 0.15,
      "qwen/qwen3-max": 1.055,
      "qwen/qwen3-next-80b-a3b-instruct": 0.075,
      "qwen/qwen3-next-80b-a3b-thinking": 0.075,
      "qwen/qwen3-omni-30b-a3b-instruct": 1.1,
      "qwen/qwen3-omni-30b-a3b-thinking": 1.1,
      "qwen/qwen3-vl-235b-a22b-instruct": 0.15,
      "qwen/qwen3-vl-235b-a22b-thinking": 0.49,
      "qwen/qwen3-vl-30b-a3b-instruct": 0.1,
      "qwen/qwen3-vl-30b-a3b-thinking": 0.1,
      "qwen/qwen3-vl-8b-instruct": 0.04,
      "sao10k/L3-8B-Stheno-v3.2": 0.025,
      "sao10k/l3-70b-euryale-v2.1": 0.74,
      "sao10k/l3-8b-lunaris": 0.025,
      "sao10k/l31-70b-euryale-v2.2": 0.74,
      "skywork/r1v4-lite": 0.1,
      "xiaomimimo/mimo-v2-flash": 0.05,
      "zai-org/autoglm-phone-9b-multilingual": 0.0175,
      "zai-org/glm-4.5": 0.3,
      "zai-org/glm-4.5-air": 0.065,
      "zai-org/glm-4.5v": 0.3,
      "zai-org/glm-4.6": 0.275,
      "zai-org/glm-4.6v": 0.15,
      "zai-org/glm-4.7": 0.3,
      "zai-org/glm-4.7-flash": 0.035
    }
  },
  "message": "",
  "success": true
}