{
  "data": {
    "cache_ratio": {
      "step-3.5-flash": 0.19999999999999998,
      "step-3.5-flash-2603": 0.19999999999999998
    },
    "completion_ratio": {
      "step-3.5-flash": 2.9999999999999996,
      "step-3.5-flash-2603": 2.9999999999999996
    },
    "model_price": {},
    "model_ratio": {
      "step-3.5-flash": 0.05,
      "step-3.5-flash-2603": 0.05
    }
  },
  "message": "",
  "success": true
}