{
  "data": {
    "cache_ratio": {
      "claude-3-5-haiku@20241022": 0.09999999999999999,
      "claude-3-5-sonnet@20241022": 0.09999999999999999,
      "claude-3-7-sonnet@20250219": 0.09999999999999999,
      "claude-haiku-4-5@20251001": 0.1,
      "claude-opus-4-1@20250805": 0.1,
      "claude-opus-4-5@20251101": 0.1,
      "claude-opus-4-6@default": 0.1,
      "claude-opus-4@20250514": 0.1,
      "claude-sonnet-4-5@20250929": 0.09999999999999999,
      "claude-sonnet-4-6@default": 0.09999999999999999,
      "claude-sonnet-4@20250514": 0.09999999999999999
    },
    "completion_ratio": {
      "claude-3-5-haiku@20241022": 5,
      "claude-3-5-sonnet@20241022": 5,
      "claude-3-7-sonnet@20250219": 5,
      "claude-haiku-4-5@20251001": 5,
      "claude-opus-4-1@20250805": 5,
      "claude-opus-4-5@20251101": 5,
      "claude-opus-4-6@default": 5,
      "claude-opus-4@20250514": 5,
      "claude-sonnet-4-5@20250929": 5,
      "claude-sonnet-4-6@default": 5,
      "claude-sonnet-4@20250514": 5
    },
    "model_price": {},
    "model_ratio": {
      "claude-3-5-haiku@20241022": 0.4,
      "claude-3-5-sonnet@20241022": 1.5,
      "claude-3-7-sonnet@20250219": 1.5,
      "claude-haiku-4-5@20251001": 0.5,
      "claude-opus-4-1@20250805": 7.5,
      "claude-opus-4-5@20251101": 2.5,
      "claude-opus-4-6@default": 2.5,
      "claude-opus-4@20250514": 7.5,
      "claude-sonnet-4-5@20250929": 1.5,
      "claude-sonnet-4-6@default": 1.5,
      "claude-sonnet-4@20250514": 1.5
    }
  },
  "message": "",
  "success": true
}