{
  "data": {
    "cache_ratio": {
      "claude-opus-4-6": 0.1,
      "claude-opus-4-7": 0.1,
      "claude-sonnet-4-6": 0.09999999999999999,
      "deepseek-v4-flash": 0.019999999999999997,
      "deepseek-v4-pro": 0.008333333333333333,
      "gemini-2.5-flash": 0.1,
      "gemini-2.5-pro": 0.1,
      "gemini-3.1-pro-preview": 0.1,
      "glm-5.1": 0.18571428571428572,
      "grok-4.3": 0.16,
      "kimi-k2.6": 0.16842105263157897,
      "qwen-3.6-plus": 0.2
    },
    "completion_ratio": {
      "claude-opus-4-6": 5,
      "claude-opus-4-7": 5,
      "claude-sonnet-4-6": 5,
      "deepseek-v4-flash": 2,
      "deepseek-v4-pro": 2,
      "gemini-2.5-flash": 8.333333333333334,
      "gemini-2.5-pro": 8,
      "gemini-3.1-pro-preview": 6,
      "glm-5.1": 3.1428571428571432,
      "grok-4.3": 2,
      "kimi-k2.5": 5.6,
      "kimi-k2.6": 4.2105263157894735,
      "minimax-m2-7": 4,
      "minimax-m2-7-highspeed": 4,
      "qwen-3.6-plus": 6
    },
    "model_price": {},
    "model_ratio": {
      "claude-opus-4-6": 2.5,
      "claude-opus-4-7": 2.5,
      "claude-sonnet-4-6": 1.5,
      "deepseek-v4-flash": 0.07,
      "deepseek-v4-pro": 0.2175,
      "gemini-2.5-flash": 0.15,
      "gemini-2.5-pro": 0.625,
      "gemini-3.1-pro-preview": 1,
      "glm-5.1": 0.7,
      "grok-4.3": 0.625,
      "kimi-k2.5": 0.25,
      "kimi-k2.6": 0.475,
      "minimax-m2-7": 0.15,
      "minimax-m2-7-highspeed": 0.3,
      "qwen-3.6-plus": 0.25
    }
  },
  "message": "",
  "success": true
}