{
  "data": {
    "cache_ratio": {},
    "completion_ratio": {
      "deepseek-r1-distill-llama-70b": 1.32,
      "gemma2-9b-it": 1,
      "llama-3.1-8b-instant": 1.5999999999999999,
      "llama-3.3-70b-versatile": 1.3389830508474578,
      "llama-guard-3-8b": 1,
      "llama3-70b-8192": 1.3389830508474578,
      "llama3-8b-8192": 1.5999999999999999,
      "meta-llama/llama-4-maverick-17b-128e-instruct": 2.9999999999999996,
      "meta-llama/llama-4-scout-17b-16e-instruct": 3.0909090909090913,
      "meta-llama/llama-guard-4-12b": 1,
      "mistral-saba-24b": 1,
      "moonshotai/kimi-k2-instruct": 3,
      "moonshotai/kimi-k2-instruct-0905": 3,
      "openai/gpt-oss-120b": 5,
      "openai/gpt-oss-20b": 5,
      "qwen-qwq-32b": 1.3448275862068968,
      "qwen/qwen3-32b": 2.0344827586206895
    },
    "model_price": {},
    "model_ratio": {
      "deepseek-r1-distill-llama-70b": 0.375,
      "gemma2-9b-it": 0.1,
      "llama-3.1-8b-instant": 0.025,
      "llama-3.3-70b-versatile": 0.295,
      "llama-guard-3-8b": 0.1,
      "llama3-70b-8192": 0.295,
      "llama3-8b-8192": 0.025,
      "meta-llama/llama-4-maverick-17b-128e-instruct": 0.1,
      "meta-llama/llama-4-scout-17b-16e-instruct": 0.055,
      "meta-llama/llama-guard-4-12b": 0.1,
      "mistral-saba-24b": 0.395,
      "moonshotai/kimi-k2-instruct": 0.5,
      "moonshotai/kimi-k2-instruct-0905": 0.5,
      "openai/gpt-oss-120b": 0.075,
      "openai/gpt-oss-20b": 0.05,
      "qwen-qwq-32b": 0.145,
      "qwen/qwen3-32b": 0.145
    }
  },
  "message": "",
  "success": true
}