{
  "data": {
    "cache_ratio": {
      "fugu-ultra": 0.2,
      "gemma-4-26b-a4b": 0.5,
      "glm-5-1": 0.2,
      "kimi-k2-6": 0.20002237386732294,
      "mimo-v2-5": 0.02,
      "mimo-v2-5-pro": 0.008275862068965517,
      "minimax-m2-7": 0.2,
      "minimax-m2-7-highspeed": 0.1,
      "minimax-m3": 0.19999999999999998,
      "muse-spark-1-1": 0.8,
      "qwen3-5-4b": 0.5,
      "qwen3-5-9b": 0.5,
      "step-3-5-flash": 0.19999999999999998,
      "step-3-5-flash-2603": 0.19999999999999998,
      "step-3-7-flash": 0.19999999999999998
    },
    "completion_ratio": {
      "deepseek-v4-flash": 2,
      "deepseek-v4-pro": 2,
      "fugu-ultra": 6,
      "gemma-4-26b-a4b": 5.799999999999999,
      "glm-5-1": 4.001212121212122,
      "glm-5-2": 3.1428571428571432,
      "kimi-k2-6": 4.153820337845397,
      "kimi-k2-7-code": 4.2105263157894735,
      "kimi-k2-7-code-highspeed": 4.2105263157894735,
      "mimo-v2-5": 2,
      "mimo-v2-5-pro": 2,
      "minimax-m2-7": 4,
      "minimax-m2-7-highspeed": 4,
      "minimax-m3": 4,
      "muse-spark-1-1": 3.4,
      "qwen3-5-122b-a10b": 7.973913043478261,
      "qwen3-5-27b": 8,
      "qwen3-5-35b-a3b": 8.052631578947368,
      "qwen3-5-397b-a17b": 6.000000000000001,
      "qwen3-5-4b": 1.7500000000000002,
      "qwen3-5-9b": 1.4444444444444446,
      "qwen3-5-plus": 6.138888888888889,
      "qwen3-6-27b": 6,
      "qwen3-6-flash": 6,
      "qwen3-6-max-preview": 6.015267175572519,
      "qwen3-6-plus": 6,
      "qwen3-7-max": 3,
      "qwen3-7-plus": 4,
      "qwen3-max": 5.111111111111111,
      "step-3-5-flash": 2.9999999999999996,
      "step-3-5-flash-2603": 2.9999999999999996,
      "step-3-7-flash": 5.749999999999999
    },
    "model_price": {},
    "model_ratio": {
      "deepseek-v4-flash": 0.07,
      "deepseek-v4-pro": 0.825,
      "fugu-ultra": 3.75,
      "gemma-4-26b-a4b": 0.025,
      "glm-5-1": 0.4125,
      "glm-5-2": 0.7,
      "kimi-k2-6": 0.44695,
      "kimi-k2-7-code": 0.475,
      "kimi-k2-7-code-highspeed": 0.95,
      "mimo-v2-5": 0.35,
      "mimo-v2-5-pro": 1.0875,
      "minimax-m2-7": 0.075,
      "minimax-m2-7-highspeed": 0.15,
      "minimax-m3": 0.1125,
      "muse-spark-1-1": 0.625,
      "qwen3-5-122b-a10b": 0.0575,
      "qwen3-5-27b": 0.043,
      "qwen3-5-35b-a3b": 0.0285,
      "qwen3-5-397b-a17b": 0.086,
      "qwen3-5-4b": 0.02,
      "qwen3-5-9b": 0.045,
      "qwen3-5-plus": 0.18,
      "qwen3-6-27b": 0.206282,
      "qwen3-6-flash": 0.125,
      "qwen3-6-max-preview": 0.655,
      "qwen3-6-plus": 0.25,
      "qwen3-7-max": 1.25,
      "qwen3-7-plus": 0.2,
      "qwen3-max": 0.54,
      "step-3-5-flash": 0.05,
      "step-3-5-flash-2603": 0.05,
      "step-3-7-flash": 0.1
    }
  },
  "message": "",
  "success": true
}