{
  "data": {
    "cache_ratio": {},
    "completion_ratio": {
      "MiniMaxAI/MiniMax-M2.7": 4,
      "Qwen/Qwen3.5-397B-A17B": 6.666666666666667,
      "Qwen/Qwen3.6-27B": 6.666666666666667,
      "XiaomiMiMo/MiMo-V2.5-Pro": 2.9999999999999996,
      "deepseek-ai/DeepSeek-V4-Flash": 3.3333333333333335,
      "moonshotai/Kimi-K2.6": 4,
      "nvidia/DeepSeek-V3.2-NVFP4": 2.9999999999999996,
      "nvidia/Nemotron-3-Nano-Omni-30B-A3B-Reasoning-BF16": 2.923076923076923,
      "nvidia/Nemotron-Cascade-2-30B-A3B": 4,
      "zai-org/GLM-5.2-FP8": 3.647058823529412
    },
    "model_price": {},
    "model_ratio": {
      "MiniMaxAI/MiniMax-M2.7": 0.15,
      "Qwen/Qwen3.5-397B-A17B": 0.15,
      "Qwen/Qwen3.6-27B": 0.15,
      "XiaomiMiMo/MiMo-V2.5-Pro": 0.275,
      "deepseek-ai/DeepSeek-V4-Flash": 0.15,
      "moonshotai/Kimi-K2.6": 0.15,
      "nvidia/DeepSeek-V3.2-NVFP4": 0.275,
      "nvidia/Nemotron-3-Nano-Omni-30B-A3B-Reasoning-BF16": 0.065,
      "nvidia/Nemotron-Cascade-2-30B-A3B": 0.075,
      "zai-org/GLM-5.2-FP8": 0.425
    }
  },
  "message": "",
  "success": true
}