{
  "data": {
    "cache_ratio": {
      "glm-5": 0.2,
      "glm-5.1": 0.18571428571428572,
      "kimi-k2.5": 0.16666666666666669,
      "mimo-v2-omni": 0.19999999999999998,
      "mimo-v2-pro": 0.2,
      "minimax-m2.5": 0.1,
      "minimax-m2.7": 0.2
    },
    "completion_ratio": {
      "glm-5": 3.2,
      "glm-5.1": 3.1428571428571432,
      "kimi-k2.5": 5,
      "mimo-v2-omni": 5,
      "mimo-v2-pro": 3,
      "minimax-m2.5": 4,
      "minimax-m2.7": 4
    },
    "model_price": {},
    "model_ratio": {
      "glm-5": 0.5,
      "glm-5.1": 0.7,
      "kimi-k2.5": 0.3,
      "mimo-v2-omni": 0.2,
      "mimo-v2-pro": 0.5,
      "minimax-m2.5": 0.15,
      "minimax-m2.7": 0.15
    }
  },
  "message": "",
  "success": true
}