{
  "data": {
    "cache_ratio": {
      "deepseek-v4-flash": 0.019999999999999997,
      "deepseek-v4-pro": 0.008333333333333333,
      "glm-5": 0.2,
      "glm-5.1": 0.18571428571428572,
      "kimi-k2.5": 0.16666666666666669,
      "kimi-k2.6": 0.16842105263157897,
      "mimo-v2-omni": 0.19999999999999998,
      "mimo-v2-pro": 0.2,
      "mimo-v2.5": 0.019999999999999997,
      "mimo-v2.5-pro": 0.008333333333333333,
      "minimax-m2.5": 0.1,
      "minimax-m2.7": 0.2,
      "minimax-m3": 0.2,
      "qwen3.5-plus": 0.09999999999999999,
      "qwen3.6-plus": 0.1,
      "qwen3.7-max": 0.2,
      "qwen3.7-plus": 0.09999999999999999
    },
    "completion_ratio": {
      "deepseek-v4-flash": 2,
      "deepseek-v4-pro": 2,
      "glm-5": 3.2,
      "glm-5.1": 3.1428571428571432,
      "kimi-k2.5": 5,
      "kimi-k2.6": 4.2105263157894735,
      "mimo-v2-omni": 5,
      "mimo-v2-pro": 3,
      "mimo-v2.5": 2,
      "mimo-v2.5-pro": 2,
      "minimax-m2.5": 4,
      "minimax-m2.7": 4,
      "minimax-m3": 4,
      "qwen3.5-plus": 5.999999999999999,
      "qwen3.6-plus": 6,
      "qwen3.7-max": 3,
      "qwen3.7-plus": 4
    },
    "model_price": {},
    "model_ratio": {
      "deepseek-v4-flash": 0.07,
      "deepseek-v4-pro": 0.87,
      "glm-5": 0.5,
      "glm-5.1": 0.7,
      "kimi-k2.5": 0.3,
      "kimi-k2.6": 0.475,
      "mimo-v2-omni": 0.2,
      "mimo-v2-pro": 0.5,
      "mimo-v2.5": 0.07,
      "mimo-v2.5-pro": 0.87,
      "minimax-m2.5": 0.15,
      "minimax-m2.7": 0.15,
      "minimax-m3": 0.15,
      "qwen3.5-plus": 0.1,
      "qwen3.6-plus": 0.25,
      "qwen3.7-max": 1.25,
      "qwen3.7-plus": 0.2
    }
  },
  "message": "",
  "success": true
}