{
  "data": {
    "cache_ratio": {
      "deepseek-chat": 0.09999999999999999,
      "deepseek-reasoner": 0.09999999999999999
    },
    "completion_ratio": {
      "deepseek-chat": 1.4999999999999998,
      "deepseek-reasoner": 1.4999999999999998,
      "deepseek-v3.2": 1.4999999999999998
    },
    "model_price": {},
    "model_ratio": {
      "deepseek-chat": 0.14,
      "deepseek-reasoner": 0.14,
      "deepseek-v3.2": 0.14
    }
  },
  "message": "",
  "success": true
}