{
  "data": {
    "cache_ratio": {
      "deepseek-chat": 0.12280701754385967,
      "deepseek-reasoner": 0.12280701754385967
    },
    "completion_ratio": {
      "deepseek-chat": 2.947368421052632,
      "deepseek-reasoner": 2.947368421052632
    },
    "model_ratio": {
      "deepseek-chat": 0.285,
      "deepseek-reasoner": 0.285
    }
  },
  "message": "",
  "success": true
}