{
  "data": {
    "cache_ratio": {
      "deepseek-chat": 0.09999999999999999,
      "deepseek-reasoner": 0.09999999999999999,
      "deepseek-v4-flash": 0.19999999999999998,
      "deepseek-v4-pro": 0.08333333333333333
    },
    "completion_ratio": {
      "deepseek-chat": 1.4999999999999998,
      "deepseek-reasoner": 1.4999999999999998,
      "deepseek-v4-flash": 2,
      "deepseek-v4-pro": 2
    },
    "model_price": {},
    "model_ratio": {
      "deepseek-chat": 0.14,
      "deepseek-reasoner": 0.14,
      "deepseek-v4-flash": 0.07,
      "deepseek-v4-pro": 0.87
    }
  },
  "message": "",
  "success": true
}