{
  "data": {
    "cache_ratio": {
      "moonshotai/Kimi-K2.6": 0.1927710843373494
    },
    "completion_ratio": {
      "google/gemma-4-31B-it": 2,
      "meta-llama/Llama-3.3-70B-Instruct": 1,
      "mistralai/Mistral-Medium-3.5-128B": 3.3333333333333335,
      "mistralai/Mistral-Small-3.2-24B-Instruct-2506": 1,
      "moonshotai/Kimi-K2.6": 4.63855421686747,
      "openai/gpt-oss-120b": 3.7727272727272725,
      "zai-org/GLM-4.7": 3.571428571428571,
      "zai-org/GLM-5.2": 3.142857142857143
    },
    "model_price": {},
    "model_ratio": {
      "google/gemma-4-31B-it": 0.1375,
      "meta-llama/Llama-3.3-70B-Instruct": 0.495,
      "mistralai/Mistral-Medium-3.5-128B": 0.825,
      "mistralai/Mistral-Small-3.2-24B-Instruct-2506": 0.165,
      "moonshotai/Kimi-K2.6": 0.415,
      "openai/gpt-oss-120b": 0.11,
      "zai-org/GLM-4.7": 0.385,
      "zai-org/GLM-5.2": 0.77
    }
  },
  "message": "",
  "success": true
}