{
  "data": {
    "cache_ratio": {},
    "completion_ratio": {
      "e5-mistral-7b": 1,
      "gemma-3-27b": 1.4528301886792452,
      "gpt-oss-120b": 1.4528301886792452,
      "llama-3.1-8b": 1.6666666666666667,
      "llama-3.3-70b": 1.4528301886792452,
      "mistral-nemo": 1.4528301886792452,
      "qwen3-vl-235b": 1.1694915254237288,
      "qwen3-vl-embedding-8b": 1
    },
    "model_price": {},
    "model_ratio": {
      "e5-mistral-7b": 0.01,
      "gemma-3-27b": 0.265,
      "gpt-oss-120b": 0.265,
      "llama-3.1-8b": 0.09,
      "llama-3.3-70b": 0.265,
      "mistral-nemo": 0.265,
      "qwen3-vl-235b": 0.885,
      "qwen3-vl-embedding-8b": 0.045
    }
  },
  "message": "",
  "success": true
}