{
  "data": {
    "cache_ratio": {},
    "completion_ratio": {
      "Qwen/Qwen3-VL-235B-A22B-Instruct-FP8": 1.164772727272727,
      "Qwen/Qwen3-VL-Embedding-8B": 1,
      "Qwen/Qwen3.6-27B": 1.4339622641509433,
      "cortecs/Llama-3.3-70B-Instruct-FP8-Dynamic": 1.4339622641509433,
      "google/gemma-3-27b-it": 1.4339622641509433,
      "intfloat/e5-mistral-7b-instruct": 1,
      "openai/gpt-oss-120b": 1.4339622641509433,
      "openai/gpt-oss-20b": 1.6111111111111112
    },
    "model_price": {},
    "model_ratio": {
      "Qwen/Qwen3-VL-235B-A22B-Instruct-FP8": 0.88,
      "Qwen/Qwen3-VL-Embedding-8B": 0.045,
      "Qwen/Qwen3.6-27B": 0.265,
      "cortecs/Llama-3.3-70B-Instruct-FP8-Dynamic": 0.265,
      "google/gemma-3-27b-it": 0.265,
      "intfloat/e5-mistral-7b-instruct": 0.01,
      "openai/gpt-oss-120b": 0.265,
      "openai/gpt-oss-20b": 0.09
    }
  },
  "message": "",
  "success": true
}