{
  "data": {
    "cache_ratio": {
      "moonshotai/kimi-k2.6": 0.2105263157894737,
      "moonshotai/kimi-k2.7-code": 0.21333333333333335
    },
    "completion_ratio": {
      "moonshotai/kimi-k2.6": 4.2105263157894735,
      "moonshotai/kimi-k2.7-code": 4.666666666666667,
      "zai-org/GLM-5.1-FP8": 3.1428571428571432
    },
    "model_price": {},
    "model_ratio": {
      "moonshotai/kimi-k2.6": 0.475,
      "moonshotai/kimi-k2.7-code": 0.375,
      "zai-org/GLM-5.1-FP8": 0.7
    }
  },
  "message": "",
  "success": true
}