{
  "data": {
    "cache_ratio": {
      "ambient/large": 0.18571428571428572,
      "moonshotai/kimi-k2.6": 0.2105263157894737,
      "moonshotai/kimi-k2.7-code": 0.20723226703755215,
      "z-ai/glm-5.2": 0.18571428571428572,
      "zai-org/GLM-5.2-FP8": 0.21666666666666667
    },
    "completion_ratio": {
      "ambient/large": 3.1428571428571432,
      "moonshotai/kimi-k2.6": 4.2105263157894735,
      "moonshotai/kimi-k2.7-code": 4.8539638386648125,
      "z-ai/glm-5.2": 3.1428571428571432,
      "zai-org/GLM-5.1-FP8": 3.1428571428571432,
      "zai-org/GLM-5.2-FP8": 3.5000000000000004
    },
    "model_price": {},
    "model_ratio": {
      "ambient/large": 0.7,
      "moonshotai/kimi-k2.6": 0.475,
      "moonshotai/kimi-k2.7-code": 0.3595,
      "z-ai/glm-5.2": 0.7,
      "zai-org/GLM-5.1-FP8": 0.7,
      "zai-org/GLM-5.2-FP8": 0.6
    }
  },
  "message": "",
  "success": true
}