{
  "data": {
    "cache_ratio": {
      "moonshotai/kimi-k2.6": 0.2105263157894737,
      "moonshotai/kimi-k2.7-code": 0.1904761904761905,
      "zai-org/GLM-5.2-FP8": 0.21666666666666667
    },
    "completion_ratio": {
      "moonshotai/kimi-k2.6": 4.2105263157894735,
      "moonshotai/kimi-k2.7-code": 4.75,
      "zai-org/GLM-5.1-FP8": 3.1428571428571432,
      "zai-org/GLM-5.2-FP8": 3.5000000000000004
    },
    "model_price": {},
    "model_ratio": {
      "moonshotai/kimi-k2.6": 0.475,
      "moonshotai/kimi-k2.7-code": 0.42,
      "zai-org/GLM-5.1-FP8": 0.7,
      "zai-org/GLM-5.2-FP8": 0.6
    }
  },
  "message": "",
  "success": true
}