{
  "data": {
    "cache_ratio": {
      "MiniMaxAI/minimax-m2.1": 0.1,
      "NousResearch/hermes-4-405b": 0.1,
      "NousResearch/hermes-4-70b": 0.09999999999999999,
      "PrimeIntellect/intellect-3": 0.09999999999999999,
      "deepseek-ai/deepseek-r1-0528": 0.09999999999999999,
      "deepseek-ai/deepseek-v3-0324": 0.1,
      "deepseek-ai/deepseek-v3-0324-fast": 0.09999999999999999,
      "deepseek-ai/deepseek-v3.2": 0.1,
      "google/gemma-2-2b-it": 0.1,
      "google/gemma-2-9b-it-fast": 0.1,
      "google/gemma-3-27b-it": 0.09999999999999999,
      "google/gemma-3-27b-it-fast": 0.09999999999999999,
      "meta-llama/llama-3.3-70b-instruct-base": 0.09999999999999999,
      "meta-llama/llama-3.3-70b-instruct-fast": 0.1,
      "meta-llama/llama-3_1-405b-instruct": 0.1,
      "meta-llama/llama-guard-3-8b": 0.1,
      "meta-llama/meta-llama-3.1-8b-instruct": 0.1,
      "meta-llama/meta-llama-3.1-8b-instruct-fast": 0.1,
      "moonshotai/kimi-k2-instruct": 0.1,
      "moonshotai/kimi-k2-thinking": 0.1,
      "nvidia/llama-3_1-nemotron-ultra-253b-v1": 0.1,
      "nvidia/nemotron-nano-v2-12b": 0.09999999999999999,
      "nvidia/nvidia-nemotron-3-nano-30b-a3b": 0.1,
      "openai/gpt-oss-120b": 0.1,
      "openai/gpt-oss-20b": 0.09999999999999999,
      "qwen/qwen2.5-coder-7b-fast": 0.1,
      "qwen/qwen2.5-vl-72b-instruct": 0.1,
      "qwen/qwen3-30b-a3b-instruct-2507": 0.09999999999999999,
      "qwen/qwen3-30b-a3b-thinking-2507": 0.09999999999999999,
      "qwen/qwen3-32b": 0.09999999999999999,
      "qwen/qwen3-32b-fast": 0.09999999999999999,
      "qwen/qwen3-coder-30b-a3b-instruct": 0.09999999999999999,
      "qwen/qwen3-next-80b-a3b-thinking": 0.1,
      "zai-org/glm-4.5": 0.1,
      "zai-org/glm-4.5-air": 0.09999999999999999,
      "zai-org/glm-4.7-fp8": 0.09999999999999999
    },
    "completion_ratio": {
      "MiniMaxAI/minimax-m2.1": 4,
      "NousResearch/hermes-4-405b": 3,
      "NousResearch/hermes-4-70b": 3.076923076923077,
      "PrimeIntellect/intellect-3": 5.5,
      "deepseek-ai/deepseek-r1-0528": 2.9999999999999996,
      "deepseek-ai/deepseek-r1-0528-fast": 3,
      "deepseek-ai/deepseek-v3": 3,
      "deepseek-ai/deepseek-v3-0324": 3,
      "deepseek-ai/deepseek-v3-0324-fast": 3,
      "deepseek-ai/deepseek-v3.2": 1.5,
      "google/gemma-2-2b-it": 3,
      "google/gemma-2-9b-it-fast": 3,
      "google/gemma-3-27b-it": 2.9999999999999996,
      "google/gemma-3-27b-it-fast": 2.9999999999999996,
      "meta-llama/llama-3.3-70b-instruct-base": 3.076923076923077,
      "meta-llama/llama-3.3-70b-instruct-fast": 3,
      "meta-llama/llama-3_1-405b-instruct": 3,
      "meta-llama/llama-guard-3-8b": 3,
      "meta-llama/meta-llama-3.1-8b-instruct": 3,
      "meta-llama/meta-llama-3.1-8b-instruct-fast": 3,
      "moonshotai/kimi-k2-instruct": 4.8,
      "moonshotai/kimi-k2-thinking": 4.166666666666667,
      "nvidia/llama-3_1-nemotron-ultra-253b-v1": 3,
      "nvidia/nemotron-nano-v2-12b": 2.857142857142857,
      "nvidia/nvidia-nemotron-3-nano-30b-a3b": 4,
      "openai/gpt-oss-120b": 4,
      "openai/gpt-oss-20b": 4,
      "qwen/qwen2.5-coder-7b-fast": 3,
      "qwen/qwen2.5-vl-72b-instruct": 3,
      "qwen/qwen3-235b-a22b-instruct-2507": 2.9999999999999996,
      "qwen/qwen3-235b-a22b-thinking-2507": 4,
      "qwen/qwen3-30b-a3b-instruct-2507": 2.9999999999999996,
      "qwen/qwen3-30b-a3b-thinking-2507": 2.9999999999999996,
      "qwen/qwen3-32b": 2.9999999999999996,
      "qwen/qwen3-32b-fast": 2.9999999999999996,
      "qwen/qwen3-coder-30b-a3b-instruct": 2.9999999999999996,
      "qwen/qwen3-coder-480b-a35b-instruct": 4.5,
      "qwen/qwen3-next-80b-a3b-thinking": 8,
      "zai-org/glm-4.5": 3.666666666666667,
      "zai-org/glm-4.5-air": 5.999999999999999,
      "zai-org/glm-4.7": 5,
      "zai-org/glm-4.7-fp8": 5
    },
    "model_price": {},
    "model_ratio": {
      "BAAI/bge-en-icl": 0.005,
      "BAAI/bge-multilingual-gemma2": 0.005,
      "MiniMaxAI/minimax-m2.1": 0.15,
      "NousResearch/hermes-4-405b": 0.5,
      "NousResearch/hermes-4-70b": 0.065,
      "PrimeIntellect/intellect-3": 0.1,
      "deepseek-ai/deepseek-r1-0528": 0.4,
      "deepseek-ai/deepseek-r1-0528-fast": 1,
      "deepseek-ai/deepseek-v3": 0.25,
      "deepseek-ai/deepseek-v3-0324": 0.25,
      "deepseek-ai/deepseek-v3-0324-fast": 0.375,
      "deepseek-ai/deepseek-v3.2": 0.15,
      "google/gemma-2-2b-it": 0.01,
      "google/gemma-2-9b-it-fast": 0.015,
      "google/gemma-3-27b-it": 0.05,
      "google/gemma-3-27b-it-fast": 0.1,
      "intfloat/e5-mistral-7b-instruct": 0.005,
      "meta-llama/llama-3.3-70b-instruct-base": 0.065,
      "meta-llama/llama-3.3-70b-instruct-fast": 0.125,
      "meta-llama/llama-3_1-405b-instruct": 0.5,
      "meta-llama/llama-guard-3-8b": 0.01,
      "meta-llama/meta-llama-3.1-8b-instruct": 0.01,
      "meta-llama/meta-llama-3.1-8b-instruct-fast": 0.015,
      "moonshotai/kimi-k2-instruct": 0.25,
      "moonshotai/kimi-k2-thinking": 0.3,
      "nvidia/llama-3_1-nemotron-ultra-253b-v1": 0.3,
      "nvidia/nemotron-nano-v2-12b": 0.035,
      "nvidia/nvidia-nemotron-3-nano-30b-a3b": 0.03,
      "openai/gpt-oss-120b": 0.075,
      "openai/gpt-oss-20b": 0.025,
      "qwen/qwen2.5-coder-7b-fast": 0.015,
      "qwen/qwen2.5-vl-72b-instruct": 0.125,
      "qwen/qwen3-235b-a22b-instruct-2507": 0.1,
      "qwen/qwen3-235b-a22b-thinking-2507": 0.1,
      "qwen/qwen3-30b-a3b-instruct-2507": 0.05,
      "qwen/qwen3-30b-a3b-thinking-2507": 0.05,
      "qwen/qwen3-32b": 0.05,
      "qwen/qwen3-32b-fast": 0.1,
      "qwen/qwen3-coder-30b-a3b-instruct": 0.05,
      "qwen/qwen3-coder-480b-a35b-instruct": 0.2,
      "qwen/qwen3-embedding-8b": 0.005,
      "qwen/qwen3-next-80b-a3b-thinking": 0.075,
      "zai-org/glm-4.5": 0.3,
      "zai-org/glm-4.5-air": 0.1,
      "zai-org/glm-4.7": 0.2,
      "zai-org/glm-4.7-fp8": 0.2
    }
  },
  "message": "",
  "success": true
}