{
  "data": {
    "cache_ratio": {
      "MiniMaxAI/MiniMax-M2.1": 0.1,
      "NousResearch/Hermes-4-405B": 0.1,
      "NousResearch/Hermes-4-70B": 0.09999999999999999,
      "PrimeIntellect/INTELLECT-3": 0.09999999999999999,
      "Qwen/Qwen2.5-Coder-7B-fast": 0.1,
      "Qwen/Qwen2.5-VL-72B-Instruct": 0.1,
      "Qwen/Qwen3-30B-A3B-Instruct-2507": 0.09999999999999999,
      "Qwen/Qwen3-30B-A3B-Thinking-2507": 0.09999999999999999,
      "Qwen/Qwen3-32B": 0.09999999999999999,
      "Qwen/Qwen3-32B-fast": 0.09999999999999999,
      "Qwen/Qwen3-Coder-30B-A3B-Instruct": 0.09999999999999999,
      "Qwen/Qwen3-Next-80B-A3B-Thinking": 0.1,
      "deepseek-ai/DeepSeek-R1-0528": 0.09999999999999999,
      "deepseek-ai/DeepSeek-V3-0324": 0.1,
      "deepseek-ai/DeepSeek-V3-0324-fast": 0.09999999999999999,
      "deepseek-ai/DeepSeek-V3.2": 0.1,
      "google/gemma-2-2b-it": 0.1,
      "google/gemma-2-9b-it-fast": 0.1,
      "google/gemma-3-27b-it": 0.09999999999999999,
      "google/gemma-3-27b-it-fast": 0.09999999999999999,
      "meta-llama/Llama-3.3-70B-Instruct": 0.09999999999999999,
      "meta-llama/Llama-3.3-70B-Instruct-fast": 0.1,
      "meta-llama/Llama-Guard-3-8B": 0.1,
      "meta-llama/Meta-Llama-3.1-8B-Instruct": 0.1,
      "meta-llama/Meta-Llama-3.1-8B-Instruct-fast": 0.1,
      "moonshotai/Kimi-K2-Instruct": 0.1,
      "moonshotai/Kimi-K2-Thinking": 0.1,
      "moonshotai/Kimi-K2.5": 0.1,
      "nvidia/Llama-3_1-Nemotron-Ultra-253B-v1": 0.1,
      "nvidia/NVIDIA-Nemotron-3-Nano-30B-A3B": 0.1,
      "nvidia/Nemotron-Nano-V2-12b": 0.09999999999999999,
      "openai/gpt-oss-120b": 0.1,
      "openai/gpt-oss-20b": 0.09999999999999999,
      "zai-org/GLM-4.5": 0.1,
      "zai-org/GLM-4.5-Air": 0.09999999999999999,
      "zai-org/GLM-4.7-FP8": 0.09999999999999999
    },
    "completion_ratio": {
      "MiniMaxAI/MiniMax-M2.1": 4,
      "NousResearch/Hermes-4-405B": 3,
      "NousResearch/Hermes-4-70B": 3.076923076923077,
      "PrimeIntellect/INTELLECT-3": 5.5,
      "Qwen/Qwen2.5-Coder-7B-fast": 3,
      "Qwen/Qwen2.5-VL-72B-Instruct": 3,
      "Qwen/Qwen3-235B-A22B-Instruct-2507": 2.9999999999999996,
      "Qwen/Qwen3-235B-A22B-Thinking-2507": 4,
      "Qwen/Qwen3-30B-A3B-Instruct-2507": 2.9999999999999996,
      "Qwen/Qwen3-30B-A3B-Thinking-2507": 2.9999999999999996,
      "Qwen/Qwen3-32B": 2.9999999999999996,
      "Qwen/Qwen3-32B-fast": 2.9999999999999996,
      "Qwen/Qwen3-Coder-30B-A3B-Instruct": 2.9999999999999996,
      "Qwen/Qwen3-Coder-480B-A35B-Instruct": 4.5,
      "Qwen/Qwen3-Next-80B-A3B-Thinking": 8,
      "deepseek-ai/DeepSeek-R1-0528": 2.9999999999999996,
      "deepseek-ai/DeepSeek-R1-0528-fast": 3,
      "deepseek-ai/DeepSeek-V3-0324": 3,
      "deepseek-ai/DeepSeek-V3-0324-fast": 3,
      "deepseek-ai/DeepSeek-V3.2": 1.5,
      "google/gemma-2-2b-it": 3,
      "google/gemma-2-9b-it-fast": 3,
      "google/gemma-3-27b-it": 2.9999999999999996,
      "google/gemma-3-27b-it-fast": 2.9999999999999996,
      "meta-llama/Llama-3.3-70B-Instruct": 3.076923076923077,
      "meta-llama/Llama-3.3-70B-Instruct-fast": 3,
      "meta-llama/Llama-Guard-3-8B": 3,
      "meta-llama/Meta-Llama-3.1-8B-Instruct": 3,
      "meta-llama/Meta-Llama-3.1-8B-Instruct-fast": 3,
      "moonshotai/Kimi-K2-Instruct": 4.8,
      "moonshotai/Kimi-K2-Thinking": 4.166666666666667,
      "moonshotai/Kimi-K2.5": 5,
      "nvidia/Llama-3_1-Nemotron-Ultra-253B-v1": 3,
      "nvidia/NVIDIA-Nemotron-3-Nano-30B-A3B": 4,
      "nvidia/Nemotron-Nano-V2-12b": 2.857142857142857,
      "openai/gpt-oss-120b": 4,
      "openai/gpt-oss-20b": 4,
      "zai-org/GLM-4.5": 3.666666666666667,
      "zai-org/GLM-4.5-Air": 5.999999999999999,
      "zai-org/GLM-4.7-FP8": 5
    },
    "model_price": {},
    "model_ratio": {
      "BAAI/bge-en-icl": 0.005,
      "BAAI/bge-multilingual-gemma2": 0.005,
      "MiniMaxAI/MiniMax-M2.1": 0.15,
      "NousResearch/Hermes-4-405B": 0.5,
      "NousResearch/Hermes-4-70B": 0.065,
      "PrimeIntellect/INTELLECT-3": 0.1,
      "Qwen/Qwen2.5-Coder-7B-fast": 0.015,
      "Qwen/Qwen2.5-VL-72B-Instruct": 0.125,
      "Qwen/Qwen3-235B-A22B-Instruct-2507": 0.1,
      "Qwen/Qwen3-235B-A22B-Thinking-2507": 0.1,
      "Qwen/Qwen3-30B-A3B-Instruct-2507": 0.05,
      "Qwen/Qwen3-30B-A3B-Thinking-2507": 0.05,
      "Qwen/Qwen3-32B": 0.05,
      "Qwen/Qwen3-32B-fast": 0.1,
      "Qwen/Qwen3-Coder-30B-A3B-Instruct": 0.05,
      "Qwen/Qwen3-Coder-480B-A35B-Instruct": 0.2,
      "Qwen/Qwen3-Embedding-8B": 0.005,
      "Qwen/Qwen3-Next-80B-A3B-Thinking": 0.075,
      "deepseek-ai/DeepSeek-R1-0528": 0.4,
      "deepseek-ai/DeepSeek-R1-0528-fast": 1,
      "deepseek-ai/DeepSeek-V3-0324": 0.25,
      "deepseek-ai/DeepSeek-V3-0324-fast": 0.375,
      "deepseek-ai/DeepSeek-V3.2": 0.15,
      "google/gemma-2-2b-it": 0.01,
      "google/gemma-2-9b-it-fast": 0.015,
      "google/gemma-3-27b-it": 0.05,
      "google/gemma-3-27b-it-fast": 0.1,
      "intfloat/e5-mistral-7b-instruct": 0.005,
      "meta-llama/Llama-3.3-70B-Instruct": 0.065,
      "meta-llama/Llama-3.3-70B-Instruct-fast": 0.125,
      "meta-llama/Llama-Guard-3-8B": 0.01,
      "meta-llama/Meta-Llama-3.1-8B-Instruct": 0.01,
      "meta-llama/Meta-Llama-3.1-8B-Instruct-fast": 0.015,
      "moonshotai/Kimi-K2-Instruct": 0.25,
      "moonshotai/Kimi-K2-Thinking": 0.3,
      "moonshotai/Kimi-K2.5": 0.25,
      "nvidia/Llama-3_1-Nemotron-Ultra-253B-v1": 0.3,
      "nvidia/NVIDIA-Nemotron-3-Nano-30B-A3B": 0.03,
      "nvidia/Nemotron-Nano-V2-12b": 0.035,
      "openai/gpt-oss-120b": 0.075,
      "openai/gpt-oss-20b": 0.025,
      "zai-org/GLM-4.5": 0.3,
      "zai-org/GLM-4.5-Air": 0.1,
      "zai-org/GLM-4.7-FP8": 0.2
    }
  },
  "message": "",
  "success": true
}