{
  "data": {
    "cache_ratio": {
      "amazon.nova-lite-v1:0": 0.25,
      "amazon.nova-micro-v1:0": 0.25,
      "amazon.nova-pro-v1:0": 0.25,
      "anthropic.claude-3-5-haiku-20241022-v1:0": 0.09999999999999999,
      "anthropic.claude-3-5-sonnet-20240620-v1:0": 0.09999999999999999,
      "anthropic.claude-3-5-sonnet-20241022-v2:0": 0.09999999999999999,
      "anthropic.claude-3-7-sonnet-20250219-v1:0": 0.09999999999999999,
      "anthropic.claude-haiku-4-5-20251001-v1:0": 0.1,
      "anthropic.claude-opus-4-1-20250805-v1:0": 0.1,
      "anthropic.claude-opus-4-20250514-v1:0": 0.1,
      "anthropic.claude-opus-4-5-20251101-v1:0": 0.3,
      "anthropic.claude-sonnet-4-20250514-v1:0": 0.09999999999999999,
      "anthropic.claude-sonnet-4-5-20250929-v1:0": 0.09999999999999999,
      "global.anthropic.claude-opus-4-5-20251101-v1:0": 0.3
    },
    "completion_ratio": {
      "ai21.jamba-1-5-large-v1:0": 4,
      "ai21.jamba-1-5-mini-v1:0": 2,
      "amazon.nova-lite-v1:0": 4,
      "amazon.nova-micro-v1:0": 4,
      "amazon.nova-premier-v1:0": 5,
      "amazon.nova-pro-v1:0": 4,
      "anthropic.claude-3-5-haiku-20241022-v1:0": 5,
      "anthropic.claude-3-5-sonnet-20240620-v1:0": 5,
      "anthropic.claude-3-5-sonnet-20241022-v2:0": 5,
      "anthropic.claude-3-7-sonnet-20250219-v1:0": 5,
      "anthropic.claude-3-haiku-20240307-v1:0": 5,
      "anthropic.claude-3-opus-20240229-v1:0": 5,
      "anthropic.claude-3-sonnet-20240229-v1:0": 5,
      "anthropic.claude-haiku-4-5-20251001-v1:0": 5,
      "anthropic.claude-instant-v1": 2.9999999999999996,
      "anthropic.claude-opus-4-1-20250805-v1:0": 5,
      "anthropic.claude-opus-4-20250514-v1:0": 5,
      "anthropic.claude-opus-4-5-20251101-v1:0": 5,
      "anthropic.claude-sonnet-4-20250514-v1:0": 5,
      "anthropic.claude-sonnet-4-5-20250929-v1:0": 5,
      "anthropic.claude-v2": 3,
      "anthropic.claude-v2:1": 3,
      "cohere.command-light-text-v14": 2,
      "cohere.command-r-plus-v1:0": 5,
      "cohere.command-r-v1:0": 3,
      "cohere.command-text-v14": 1.3333333333333333,
      "deepseek.r1-v1:0": 4,
      "deepseek.v3-v1:0": 2.896551724137931,
      "global.anthropic.claude-opus-4-5-20251101-v1:0": 5,
      "meta.llama3-1-70b-instruct-v1:0": 1,
      "meta.llama3-1-8b-instruct-v1:0": 1,
      "meta.llama3-2-11b-instruct-v1:0": 1,
      "meta.llama3-2-1b-instruct-v1:0": 1,
      "meta.llama3-2-3b-instruct-v1:0": 1,
      "meta.llama3-2-90b-instruct-v1:0": 1,
      "meta.llama3-3-70b-instruct-v1:0": 1,
      "meta.llama3-70b-instruct-v1:0": 1.3207547169811322,
      "meta.llama3-8b-instruct-v1:0": 2,
      "meta.llama4-maverick-17b-instruct-v1:0": 4.041666666666667,
      "meta.llama4-scout-17b-instruct-v1:0": 3.8823529411764706,
      "qwen.qwen3-235b-a22b-2507-v1:0": 4,
      "qwen.qwen3-32b-v1:0": 4,
      "qwen.qwen3-coder-30b-a3b-v1:0": 4,
      "qwen.qwen3-coder-480b-a35b-v1:0": 8.181818181818182
    },
    "model_price": {},
    "model_ratio": {
      "ai21.jamba-1-5-large-v1:0": 1,
      "ai21.jamba-1-5-mini-v1:0": 0.1,
      "amazon.nova-lite-v1:0": 0.03,
      "amazon.nova-micro-v1:0": 0.0175,
      "amazon.nova-premier-v1:0": 1.25,
      "amazon.nova-pro-v1:0": 0.4,
      "anthropic.claude-3-5-haiku-20241022-v1:0": 0.4,
      "anthropic.claude-3-5-sonnet-20240620-v1:0": 1.5,
      "anthropic.claude-3-5-sonnet-20241022-v2:0": 1.5,
      "anthropic.claude-3-7-sonnet-20250219-v1:0": 1.5,
      "anthropic.claude-3-haiku-20240307-v1:0": 0.125,
      "anthropic.claude-3-opus-20240229-v1:0": 7.5,
      "anthropic.claude-3-sonnet-20240229-v1:0": 1.5,
      "anthropic.claude-haiku-4-5-20251001-v1:0": 0.5,
      "anthropic.claude-instant-v1": 0.4,
      "anthropic.claude-opus-4-1-20250805-v1:0": 7.5,
      "anthropic.claude-opus-4-20250514-v1:0": 7.5,
      "anthropic.claude-opus-4-5-20251101-v1:0": 2.5,
      "anthropic.claude-sonnet-4-20250514-v1:0": 1.5,
      "anthropic.claude-sonnet-4-5-20250929-v1:0": 1.5,
      "anthropic.claude-v2": 4,
      "anthropic.claude-v2:1": 4,
      "cohere.command-light-text-v14": 0.15,
      "cohere.command-r-plus-v1:0": 1.5,
      "cohere.command-r-v1:0": 0.25,
      "cohere.command-text-v14": 0.75,
      "deepseek.r1-v1:0": 0.675,
      "deepseek.v3-v1:0": 0.29,
      "global.anthropic.claude-opus-4-5-20251101-v1:0": 2.5,
      "meta.llama3-1-70b-instruct-v1:0": 0.36,
      "meta.llama3-1-8b-instruct-v1:0": 0.11,
      "meta.llama3-2-11b-instruct-v1:0": 0.08,
      "meta.llama3-2-1b-instruct-v1:0": 0.05,
      "meta.llama3-2-3b-instruct-v1:0": 0.075,
      "meta.llama3-2-90b-instruct-v1:0": 0.36,
      "meta.llama3-3-70b-instruct-v1:0": 0.36,
      "meta.llama3-70b-instruct-v1:0": 1.325,
      "meta.llama3-8b-instruct-v1:0": 0.15,
      "meta.llama4-maverick-17b-instruct-v1:0": 0.12,
      "meta.llama4-scout-17b-instruct-v1:0": 0.085,
      "qwen.qwen3-235b-a22b-2507-v1:0": 0.11,
      "qwen.qwen3-32b-v1:0": 0.075,
      "qwen.qwen3-coder-30b-a3b-v1:0": 0.075,
      "qwen.qwen3-coder-480b-a35b-v1:0": 0.11
    }
  },
  "message": "",
  "success": true
}