{
  "data": {
    "cache_ratio": {},
    "completion_ratio": {
      "MiniMax-M1": 9.5,
      "MiniMax-M2": 4,
      "MiniMax-M2.1": 4,
      "chatgpt-4o-latest": 3,
      "claude-haiku-4-5-20251001": 5,
      "claude-opus-4-1-20250805": 5,
      "claude-opus-4-1-20250805-thinking": 5,
      "claude-opus-4-5-20251101": 5,
      "claude-opus-4-5-20251101-thinking": 5,
      "claude-sonnet-4-5-20250929": 5,
      "claude-sonnet-4-5-20250929-thinking": 5,
      "deepseek-chat": 1.4827586206896552,
      "deepseek-reasoner": 1.4827586206896552,
      "deepseek-v3.2": 1.4827586206896552,
      "deepseek-v3.2-thinking": 1.4827586206896552,
      "doubao-seed-1-6-thinking-250715": 10,
      "doubao-seed-1-6-vision-250815": 10.026315789473683,
      "doubao-seed-1-8-251215": 2.508771929824561,
      "doubao-seed-code-preview-251028": 6.705882352941176,
      "gemini-2.0-flash-lite": 4,
      "gemini-2.5-flash": 8.333333333333334,
      "gemini-2.5-flash-image": 100,
      "gemini-2.5-flash-lite-preview-09-2025": 4,
      "gemini-2.5-flash-nothink": 8.333333333333334,
      "gemini-2.5-flash-preview-09-2025": 8.333333333333334,
      "gemini-2.5-pro": 8,
      "gemini-3-flash-preview": 6,
      "gemini-3-pro-image-preview": 60,
      "gemini-3-pro-preview": 6,
      "glm-4.5": 3.993006993006993,
      "glm-4.5v": 2.9655172413793105,
      "glm-4.6": 3.993006993006993,
      "glm-4.6v": 2.9655172413793105,
      "glm-4.7": 3.993006993006993,
      "gpt-4.1": 4,
      "gpt-4.1-mini": 4,
      "gpt-4.1-nano": 4,
      "gpt-4o": 4,
      "gpt-5": 8,
      "gpt-5-mini": 8,
      "gpt-5-pro": 8,
      "gpt-5-thinking": 8,
      "gpt-5.1": 8,
      "gpt-5.1-chat-latest": 8,
      "gpt-5.2": 8,
      "gpt-5.2-chat-latest": 8,
      "grok-4-1-fast-non-reasoning": 2.5,
      "grok-4-1-fast-reasoning": 2.5,
      "grok-4-fast-non-reasoning": 2.5,
      "grok-4-fast-reasoning": 2.5,
      "grok-4.1": 5,
      "kimi-k2-0905-preview": 4.003164556962025,
      "kimi-k2-thinking": 4,
      "kimi-k2-thinking-turbo": 7.208695652173914,
      "ministral-14b-2512": 1,
      "mistral-large-2512": 2.9999999999999996,
      "qwen-flash": 10,
      "qwen-max-latest": 4,
      "qwen-plus": 10,
      "qwen3-235b-a22b": 9.862068965517242,
      "qwen3-235b-a22b-instruct-2507": 3.941379310344828,
      "qwen3-30b-a3b": 9.818181818181818,
      "qwen3-coder-480b-a35b-instruct": 3.9883720930232562,
      "qwen3-max-2025-09-23": 3.9883720930232562
    },
    "model_price": {},
    "model_ratio": {
      "MiniMax-M1": 0.066,
      "MiniMax-M2": 0.165,
      "MiniMax-M2.1": 0.15,
      "chatgpt-4o-latest": 2.5,
      "claude-haiku-4-5-20251001": 0.5,
      "claude-opus-4-1-20250805": 7.5,
      "claude-opus-4-1-20250805-thinking": 7.5,
      "claude-opus-4-5-20251101": 2.5,
      "claude-opus-4-5-20251101-thinking": 2.5,
      "claude-sonnet-4-5-20250929": 1.5,
      "claude-sonnet-4-5-20250929-thinking": 1.5,
      "deepseek-chat": 0.145,
      "deepseek-reasoner": 0.145,
      "deepseek-v3.2": 0.145,
      "deepseek-v3.2-thinking": 0.145,
      "doubao-seed-1-6-thinking-250715": 0.0605,
      "doubao-seed-1-6-vision-250815": 0.057,
      "doubao-seed-1-8-251215": 0.057,
      "doubao-seed-code-preview-251028": 0.085,
      "gemini-2.0-flash-lite": 0.0375,
      "gemini-2.5-flash": 0.15,
      "gemini-2.5-flash-image": 0.15,
      "gemini-2.5-flash-lite-preview-09-2025": 0.05,
      "gemini-2.5-flash-nothink": 0.15,
      "gemini-2.5-flash-preview-09-2025": 0.15,
      "gemini-2.5-pro": 0.625,
      "gemini-3-flash-preview": 0.25,
      "gemini-3-pro-image-preview": 1,
      "gemini-3-pro-preview": 1,
      "glm-4.5": 0.143,
      "glm-4.5v": 0.145,
      "glm-4.6": 0.143,
      "glm-4.6v": 0.0725,
      "glm-4.7": 0.143,
      "gpt-4.1": 1,
      "gpt-4.1-mini": 0.2,
      "gpt-4.1-nano": 0.05,
      "gpt-4o": 1.25,
      "gpt-5": 0.625,
      "gpt-5-mini": 0.125,
      "gpt-5-pro": 7.5,
      "gpt-5-thinking": 0.625,
      "gpt-5.1": 0.625,
      "gpt-5.1-chat-latest": 0.625,
      "gpt-5.2": 0.875,
      "gpt-5.2-chat-latest": 0.875,
      "grok-4-1-fast-non-reasoning": 0.1,
      "grok-4-1-fast-reasoning": 0.1,
      "grok-4-fast-non-reasoning": 0.1,
      "grok-4-fast-reasoning": 0.1,
      "grok-4.1": 1,
      "kimi-k2-0905-preview": 0.316,
      "kimi-k2-thinking": 0.2875,
      "kimi-k2-thinking-turbo": 0.6325,
      "ministral-14b-2512": 0.165,
      "mistral-large-2512": 0.55,
      "qwen-flash": 0.011,
      "qwen-max-latest": 0.1715,
      "qwen-plus": 0.06,
      "qwen3-235b-a22b": 0.145,
      "qwen3-235b-a22b-instruct-2507": 0.145,
      "qwen3-30b-a3b": 0.055,
      "qwen3-coder-480b-a35b-instruct": 0.43,
      "qwen3-max-2025-09-23": 0.43
    }
  },
  "message": "",
  "success": true
}