{
  "data": {
    "cache_ratio": {
      "minimax/minimax-m2.5": 0.09999999999999999,
      "moonshotai/kimi-k2.5": 0.14285714285714285,
      "zai-org/glm-5.1": 0.1818181818181818
    },
    "completion_ratio": {
      "minimax/minimax-m2.5": 4,
      "moonshotai/kimi-k2.5": 4.761904761904762,
      "zai-org/glm-5.1": 3.0303030303030303
    },
    "model_price": {},
    "model_ratio": {
      "minimax/minimax-m2.5": 0.07,
      "moonshotai/kimi-k2.5": 0.105,
      "zai-org/glm-5.1": 0.33
    }
  },
  "message": "",
  "success": true
}