{
  "data": {
    "cache_ratio": {},
    "completion_ratio": {
      "MiniMaxAI/MiniMax-M2.1": 4.285714285714286,
      "MiniMaxAI/MiniMax-M2.5": 4,
      "Qwen/Qwen2.5-VL-32B-Instruct": 2.9999999999999996,
      "Qwen/Qwen3-235B-A22B-Instruct-2507": 6.666666666666667,
      "Qwen/Qwen3.5-Plus": 5.999999999999999,
      "XiaomiMiMo/MiMo-V2-Flash": 2.9999999999999996,
      "deepseek-ai/DeepSeek-R1-0528": 4.3,
      "deepseek-ai/DeepSeek-V3-0324": 3.52,
      "deepseek-ai/DeepSeek-V3.1": 3.7037037037037033,
      "deepseek-ai/DeepSeek-V3.2": 1.4615384615384615,
      "deepseek-ai/DeepSeek-V3.2-Exp": 1.4814814814814814,
      "meta-llama/Llama-3.3-70B-Instruct": 2.9999999999999996,
      "mistralai/Mistral-Nemo-Instruct-2407": 2,
      "moonshotai/Kimi-K2-Thinking": 4.333333333333334,
      "moonshotai/Kimi-K2.5": 6.222222222222221,
      "zai-org/GLM-4.6": 4.222222222222222,
      "zai-org/GLM-4.7": 4,
      "zai-org/GLM-5": 3.1999999999999997
    },
    "model_price": {},
    "model_ratio": {
      "MiniMaxAI/MiniMax-M2.1": 0.14,
      "MiniMaxAI/MiniMax-M2.5": 0.15,
      "Qwen/Qwen2.5-VL-32B-Instruct": 0.1,
      "Qwen/Qwen3-235B-A22B-Instruct-2507": 0.045,
      "Qwen/Qwen3.5-Plus": 0.2,
      "XiaomiMiMo/MiMo-V2-Flash": 0.05,
      "deepseek-ai/DeepSeek-R1-0528": 0.25,
      "deepseek-ai/DeepSeek-V3-0324": 0.125,
      "deepseek-ai/DeepSeek-V3.1": 0.135,
      "deepseek-ai/DeepSeek-V3.2": 0.13,
      "deepseek-ai/DeepSeek-V3.2-Exp": 0.135,
      "meta-llama/Llama-3.3-70B-Instruct": 0.05,
      "mistralai/Mistral-Nemo-Instruct-2407": 0.01,
      "moonshotai/Kimi-K2-Thinking": 0.3,
      "moonshotai/Kimi-K2.5": 0.225,
      "zai-org/GLM-4.6": 0.225,
      "zai-org/GLM-4.7": 0.1,
      "zai-org/GLM-5": 0.4
    }
  },
  "message": "",
  "success": true
}