{
  "data": {
    "cache_ratio": {
      "claude-3-5-haiku@20241022": 0.09999999999999999,
      "claude-haiku-4-5@20251001": 0.1,
      "claude-opus-4-1@20250805": 0.1,
      "claude-opus-4-5@20251101": 0.1,
      "claude-opus-4-6@default": 0.1,
      "claude-opus-4-7@default": 0.1,
      "claude-opus-4-8@default": 0.1,
      "claude-opus-4@20250514": 0.1,
      "claude-sonnet-4-5@20250929": 0.09999999999999999,
      "claude-sonnet-4-6@default": 0.09999999999999999,
      "claude-sonnet-4@20250514": 0.09999999999999999,
      "claude-sonnet-5@default": 0.1,
      "deepseek-ai/deepseek-v3.2-maas": 0.09999999999999999,
      "gemini-2.5-flash": 0.25,
      "gemini-2.5-flash-lite": 0.03333333333333333,
      "gemini-2.5-pro": 0.1,
      "gemini-3-flash-preview": 0.05,
      "gemini-3.1-flash-lite": 0.05,
      "gemini-3.1-flash-lite-preview": 0.05,
      "gemini-3.1-pro-preview": 0.1,
      "gemini-3.1-pro-preview-customtools": 0.1,
      "gemini-3.5-flash": 0.09999999999999999,
      "gemini-flash-latest": 0.25,
      "gemini-flash-lite-latest": 0.25,
      "zai-org/glm-5-maas": 0.1
    },
    "completion_ratio": {
      "claude-3-5-haiku@20241022": 5,
      "claude-haiku-4-5@20251001": 5,
      "claude-opus-4-1@20250805": 5,
      "claude-opus-4-5@20251101": 5,
      "claude-opus-4-6@default": 5,
      "claude-opus-4-7@default": 5,
      "claude-opus-4-8@default": 5,
      "claude-opus-4@20250514": 5,
      "claude-sonnet-4-5@20250929": 5,
      "claude-sonnet-4-6@default": 5,
      "claude-sonnet-4@20250514": 5,
      "claude-sonnet-5@default": 5,
      "deepseek-ai/deepseek-v3.1-maas": 2.8333333333333335,
      "deepseek-ai/deepseek-v3.2-maas": 2.9999999999999996,
      "gemini-2.5-flash": 8.333333333333334,
      "gemini-2.5-flash-lite": 1.3333333333333335,
      "gemini-2.5-flash-tts": 20,
      "gemini-2.5-pro": 8,
      "gemini-2.5-pro-tts": 20,
      "gemini-3-flash-preview": 3,
      "gemini-3.1-flash-lite": 3,
      "gemini-3.1-flash-lite-preview": 3,
      "gemini-3.1-pro-preview": 6,
      "gemini-3.1-pro-preview-customtools": 6,
      "gemini-3.5-flash": 6,
      "gemini-flash-latest": 8.333333333333334,
      "gemini-flash-lite-latest": 4,
      "meta/llama-3.3-70b-instruct-maas": 1,
      "meta/llama-4-maverick-17b-128e-instruct-maas": 3.2857142857142856,
      "moonshotai/kimi-k2-thinking-maas": 4.166666666666667,
      "openai/gpt-oss-120b-maas": 4,
      "openai/gpt-oss-20b-maas": 3.571428571428571,
      "qwen/qwen3-235b-a22b-instruct-2507-maas": 4,
      "zai-org/glm-4.7-maas": 3.666666666666667,
      "zai-org/glm-5-maas": 3.2
    },
    "model_price": {},
    "model_ratio": {
      "claude-3-5-haiku@20241022": 0.4,
      "claude-haiku-4-5@20251001": 0.5,
      "claude-opus-4-1@20250805": 7.5,
      "claude-opus-4-5@20251101": 2.5,
      "claude-opus-4-6@default": 2.5,
      "claude-opus-4-7@default": 2.5,
      "claude-opus-4-8@default": 2.5,
      "claude-opus-4@20250514": 7.5,
      "claude-sonnet-4-5@20250929": 1.5,
      "claude-sonnet-4-6@default": 1.5,
      "claude-sonnet-4@20250514": 1.5,
      "claude-sonnet-5@default": 1,
      "deepseek-ai/deepseek-v3.1-maas": 0.3,
      "deepseek-ai/deepseek-v3.2-maas": 0.28,
      "gemini-2.5-flash": 0.15,
      "gemini-2.5-flash-lite": 0.15,
      "gemini-2.5-flash-tts": 0.25,
      "gemini-2.5-pro": 0.625,
      "gemini-2.5-pro-tts": 0.5,
      "gemini-3-flash-preview": 0.5,
      "gemini-3.1-flash-lite": 0.25,
      "gemini-3.1-flash-lite-preview": 0.25,
      "gemini-3.1-pro-preview": 1,
      "gemini-3.1-pro-preview-customtools": 1,
      "gemini-3.5-flash": 0.75,
      "gemini-embedding-001": 0.075,
      "gemini-flash-latest": 0.15,
      "gemini-flash-lite-latest": 0.05,
      "meta/llama-3.3-70b-instruct-maas": 0.36,
      "meta/llama-4-maverick-17b-128e-instruct-maas": 0.175,
      "moonshotai/kimi-k2-thinking-maas": 0.3,
      "openai/gpt-oss-120b-maas": 0.045,
      "openai/gpt-oss-20b-maas": 0.035,
      "qwen/qwen3-235b-a22b-instruct-2507-maas": 0.11,
      "zai-org/glm-4.7-maas": 0.3,
      "zai-org/glm-5-maas": 0.5
    }
  },
  "message": "",
  "success": true
}