{
  "data": {
    "cache_ratio": {},
    "completion_ratio": {
      "gemma4-26b": 5,
      "gpt-oss-120b": 3.666666666666667,
      "kimi-k2.7-code-1100b": 3.488372093023256,
      "minimax-m2.5-230b": 4.8,
      "mistral4-119b": 2.9999999999999996,
      "qwen3.6-35b": 3.3333333333333335
    },
    "model_price": {},
    "model_ratio": {
      "gemma4-26b": 0.05,
      "gpt-oss-120b": 0.075,
      "kimi-k2.7-code-1100b": 0.43,
      "minimax-m2.5-230b": 0.125,
      "mistral4-119b": 0.1,
      "qwen3.6-35b": 0.075
    }
  },
  "message": "",
  "success": true
}