{
  "data": {
    "cache_ratio": {
      "deepseek-ai/DeepSeek-V4-Flash": 0.21428571428571425,
      "deepseek-ai/DeepSeek-V4-Pro": 0.08620689655172413,
      "gemini-2.5-flash": 0.1,
      "gemini-2.5-pro": 0.1,
      "gemini-3-flash-preview": 0.1,
      "gemini-3-pro-image-preview": 0.1,
      "gemini-3.1-flash-lite": 0.1,
      "gemini-3.1-flash-lite-preview": 0.1,
      "gemini-3.1-pro-preview": 0.1,
      "gemini-3.5-flash": 0.09999999999999999,
      "gpt-4.1": 0.25,
      "gpt-4.1-mini": 0.25,
      "gpt-4.1-nano": 0.25,
      "gpt-4o": 0.5,
      "gpt-5": 0.1,
      "gpt-5-codex": 0.1,
      "gpt-5-mini": 0.1,
      "gpt-5-nano": 0.09999999999999999,
      "gpt-5.1": 0.1,
      "gpt-5.1-codex": 0.1,
      "gpt-5.2": 0.09999999999999999,
      "gpt-5.2-codex": 0.09999999999999999,
      "gpt-5.3-codex": 0.10285714285714286,
      "gpt-5.4": 0.1,
      "gpt-5.4-mini": 0.09999999999999999,
      "gpt-5.4-nano": 0.09999999999999999,
      "gpt-5.5": 0.1,
      "gpt-5.6-luna": 0.1,
      "gpt-5.6-sol": 0.1,
      "gpt-5.6-terra": 0.1,
      "grok-4.3": 0.16,
      "mimo-v2-pro": 0.2,
      "moonshotai/Kimi-K2.6": 0.2,
      "muse-spark-1.1": 0.12,
      "o3": 0.25,
      "o3-mini": 0.5,
      "zai-org/GLM-5.1": 0.18571428571428572,
      "zai-org/GLM-5.2": 0.18571428571428572
    },
    "completion_ratio": {
      "MiniMaxAI/MiniMax-M2.7": 4,
      "MiniMaxAI/MiniMax-M3": 4,
      "Qwen/QwQ-32B": 1,
      "Qwen/Qwen2.5-72B-Instruct": 3.4545454545454546,
      "Qwen/Qwen3-235B-A22B-Instruct-2507": 4.615384615384615,
      "Qwen/Qwen3-32B": 3.2222222222222223,
      "Qwen/Qwen3-Coder-480B-A35B-Instruct": 4.137931034482759,
      "Qwen/Qwen3.6-27B": 10,
      "claude-3-7-sonnet-20250219": 5,
      "claude-fable-5": 5,
      "claude-haiku-4-5-20251001": 5,
      "claude-opus-4-1-20250805": 5,
      "claude-opus-4-20250514": 5,
      "claude-opus-4-5-20251101": 5,
      "claude-opus-4-6": 5,
      "claude-opus-4-7": 5,
      "claude-opus-4-8": 5,
      "claude-sonnet-4-20250514": 5,
      "claude-sonnet-4-5-20250929": 5,
      "claude-sonnet-4-6": 5,
      "claude-sonnet-5": 5,
      "deepseek-ai/DeepSeek-R1": 2.3333333333333335,
      "deepseek-ai/DeepSeek-V3.1-Terminus": 3.7037037037037033,
      "deepseek-ai/DeepSeek-V3.2": 1.4814814814814814,
      "deepseek-ai/DeepSeek-V4-Flash": 2,
      "deepseek-ai/DeepSeek-V4-Pro": 2,
      "deepseek/deepseek-v3.1": 3.0181818181818176,
      "gemini-2.5-flash": 8.333333333333334,
      "gemini-2.5-flash-image": 100,
      "gemini-2.5-pro": 8,
      "gemini-3-flash-preview": 6,
      "gemini-3-pro-image-preview": 6,
      "gemini-3.1-flash-image-preview": 6,
      "gemini-3.1-flash-lite": 6,
      "gemini-3.1-flash-lite-preview": 6,
      "gemini-3.1-pro-preview": 6,
      "gemini-3.5-flash": 6,
      "google/gemma-4-31b-it": 2.857142857142857,
      "gpt-4.1": 4,
      "gpt-4.1-mini": 4,
      "gpt-4.1-nano": 4,
      "gpt-4o": 4,
      "gpt-4o-2024-11-20": 4,
      "gpt-4o-mini": 4,
      "gpt-5": 8,
      "gpt-5-codex": 8,
      "gpt-5-mini": 8,
      "gpt-5-nano": 8,
      "gpt-5.1": 8,
      "gpt-5.1-chat-latest": 8,
      "gpt-5.1-codex": 8,
      "gpt-5.1-codex-max": 8,
      "gpt-5.2": 8,
      "gpt-5.2-chat-latest": 8,
      "gpt-5.2-codex": 8,
      "gpt-5.3-chat-latest": 8,
      "gpt-5.3-codex": 8,
      "gpt-5.3-codex-xhigh": 8,
      "gpt-5.4": 6,
      "gpt-5.4-mini": 6,
      "gpt-5.4-nano": 6.25,
      "gpt-5.5": 6,
      "gpt-5.6-luna": 6,
      "gpt-5.6-sol": 6,
      "gpt-5.6-terra": 6,
      "grok-4-0709": 5,
      "grok-4-1-fast-non-reasoning": 2.5,
      "grok-4-fast-non-reasoning": 2.5,
      "grok-4.3": 2,
      "grok-4.5": 3,
      "grok-code-fast-1": 7.5,
      "kimi-k2-turbo-preview": 53.333333333333336,
      "kimi-k2.5": 5,
      "llama-3.3-70b-versatile": 1.3389830508474578,
      "meta-llama/Llama-4-Maverick-17B-128E-Instruct-FP8": 4.2142857142857135,
      "meta-llama/Meta-Llama-3.1-405B-Instruct-Turbo": 1,
      "meta-llama/Meta-Llama-3.1-8B-Instruct": 2.5,
      "meta-llama/Meta-Llama-3.3-70B-Instruct": 1.3389830508474578,
      "mimo-v2-pro": 3,
      "moonshotai/Kimi-K2.6": 4.2105263157894735,
      "muse-spark-1.1": 3.4,
      "o3": 4,
      "o3-mini": 4,
      "o3-pro": 2,
      "o4-mini": 4,
      "openai/gpt-oss-120b": 5.5,
      "qwen-2.5-coder-32b": 1,
      "qwen3-max": 5,
      "route-llm": 5,
      "zai-org/GLM-4.5": 3.666666666666667,
      "zai-org/GLM-4.6": 3.666666666666667,
      "zai-org/GLM-4.7": 3.666666666666667,
      "zai-org/GLM-5": 3.2,
      "zai-org/GLM-5.1": 3.1428571428571432,
      "zai-org/GLM-5.2": 3.1428571428571432
    },
    "model_price": {},
    "model_ratio": {
      "MiniMaxAI/MiniMax-M2.7": 0.15,
      "MiniMaxAI/MiniMax-M3": 0.15,
      "Qwen/QwQ-32B": 0.2,
      "Qwen/Qwen2.5-72B-Instruct": 0.055,
      "Qwen/Qwen3-235B-A22B-Instruct-2507": 0.065,
      "Qwen/Qwen3-32B": 0.045,
      "Qwen/Qwen3-Coder-480B-A35B-Instruct": 0.145,
      "Qwen/Qwen3.6-27B": 0.16,
      "claude-3-7-sonnet-20250219": 1.5,
      "claude-fable-5": 5,
      "claude-haiku-4-5-20251001": 0.5,
      "claude-opus-4-1-20250805": 7.5,
      "claude-opus-4-20250514": 7.5,
      "claude-opus-4-5-20251101": 2.5,
      "claude-opus-4-6": 2.5,
      "claude-opus-4-7": 2.5,
      "claude-opus-4-8": 2.5,
      "claude-sonnet-4-20250514": 1.5,
      "claude-sonnet-4-5-20250929": 1.5,
      "claude-sonnet-4-6": 1.5,
      "claude-sonnet-5": 1.5,
      "deepseek-ai/DeepSeek-R1": 1.5,
      "deepseek-ai/DeepSeek-V3.1-Terminus": 0.135,
      "deepseek-ai/DeepSeek-V3.2": 0.135,
      "deepseek-ai/DeepSeek-V4-Flash": 0.07,
      "deepseek-ai/DeepSeek-V4-Pro": 0.87,
      "deepseek/deepseek-v3.1": 0.275,
      "gemini-2.5-flash": 0.15,
      "gemini-2.5-flash-image": 0.15,
      "gemini-2.5-pro": 0.625,
      "gemini-3-flash-preview": 0.25,
      "gemini-3-pro-image-preview": 1,
      "gemini-3.1-flash-image-preview": 0.25,
      "gemini-3.1-flash-lite": 0.125,
      "gemini-3.1-flash-lite-preview": 0.125,
      "gemini-3.1-pro-preview": 1,
      "gemini-3.5-flash": 0.75,
      "google/gemma-4-31b-it": 0.07,
      "gpt-4.1": 1,
      "gpt-4.1-mini": 0.2,
      "gpt-4.1-nano": 0.05,
      "gpt-4o": 1.25,
      "gpt-4o-2024-11-20": 1.25,
      "gpt-4o-mini": 0.075,
      "gpt-5": 0.625,
      "gpt-5-codex": 0.625,
      "gpt-5-mini": 0.125,
      "gpt-5-nano": 0.025,
      "gpt-5.1": 0.625,
      "gpt-5.1-chat-latest": 0.625,
      "gpt-5.1-codex": 0.625,
      "gpt-5.1-codex-max": 0.625,
      "gpt-5.2": 0.875,
      "gpt-5.2-chat-latest": 0.875,
      "gpt-5.2-codex": 0.875,
      "gpt-5.3-chat-latest": 0.875,
      "gpt-5.3-codex": 0.875,
      "gpt-5.3-codex-xhigh": 0.875,
      "gpt-5.4": 1.25,
      "gpt-5.4-mini": 0.375,
      "gpt-5.4-nano": 0.1,
      "gpt-5.5": 2.5,
      "gpt-5.6-luna": 0.5,
      "gpt-5.6-sol": 2.5,
      "gpt-5.6-terra": 1.25,
      "grok-4-0709": 1.5,
      "grok-4-1-fast-non-reasoning": 0.1,
      "grok-4-fast-non-reasoning": 0.1,
      "grok-4.3": 0.625,
      "grok-4.5": 1,
      "grok-code-fast-1": 0.1,
      "kimi-k2-turbo-preview": 0.075,
      "kimi-k2.5": 0.3,
      "llama-3.3-70b-versatile": 0.295,
      "meta-llama/Llama-4-Maverick-17B-128E-Instruct-FP8": 0.07,
      "meta-llama/Meta-Llama-3.1-405B-Instruct-Turbo": 1.75,
      "meta-llama/Meta-Llama-3.1-8B-Instruct": 0.01,
      "meta-llama/Meta-Llama-3.3-70B-Instruct": 0.295,
      "mimo-v2-pro": 0.5,
      "moonshotai/Kimi-K2.6": 0.475,
      "muse-spark-1.1": 0.625,
      "o3": 1,
      "o3-mini": 0.55,
      "o3-pro": 10,
      "o4-mini": 0.55,
      "openai/gpt-oss-120b": 0.04,
      "qwen-2.5-coder-32b": 0.395,
      "qwen3-max": 0.6,
      "route-llm": 1.5,
      "zai-org/GLM-4.5": 0.3,
      "zai-org/GLM-4.6": 0.3,
      "zai-org/GLM-4.7": 0.3,
      "zai-org/GLM-5": 0.5,
      "zai-org/GLM-5.1": 0.7,
      "zai-org/GLM-5.2": 0.7
    }
  },
  "message": "",
  "success": true
}