{
  "data": {
    "cache_ratio": {},
    "completion_ratio": {
      "Qwen/QwQ-32B": 1,
      "Qwen/Qwen2.5-72B-Instruct": 3.4545454545454546,
      "Qwen/Qwen3-235B-A22B-Instruct-2507": 4.615384615384615,
      "Qwen/Qwen3-32B": 3.2222222222222223,
      "Qwen/qwen3-coder-480b-a35b-instruct": 4.137931034482759,
      "claude-3-7-sonnet-20250219": 5,
      "claude-haiku-4-5-20251001": 5,
      "claude-opus-4-1-20250805": 5,
      "claude-opus-4-20250514": 5,
      "claude-opus-4-5-20251101": 5,
      "claude-sonnet-4-20250514": 5,
      "claude-sonnet-4-5-20250929": 5,
      "deepseek-ai/DeepSeek-R1": 2.3333333333333335,
      "deepseek-ai/DeepSeek-V3.1-Terminus": 3.7037037037037033,
      "deepseek-ai/DeepSeek-V3.2": 1.4814814814814814,
      "deepseek/deepseek-v3.1": 2,
      "gemini-2.0-flash-001": 4,
      "gemini-2.5-flash": 8.333333333333334,
      "gemini-2.5-pro": 8,
      "gemini-3-flash-preview": 6,
      "gemini-3-pro-preview": 6,
      "gpt-4.1": 4,
      "gpt-4.1-mini": 4,
      "gpt-4.1-nano": 4,
      "gpt-4o-2024-11-20": 4,
      "gpt-4o-mini": 4,
      "gpt-5": 8,
      "gpt-5-mini": 8,
      "gpt-5-nano": 8,
      "gpt-5.1": 8,
      "gpt-5.1-chat-latest": 8,
      "gpt-5.2": 8,
      "gpt-5.2-chat-latest": 8,
      "grok-4-0709": 5,
      "grok-4-1-fast-non-reasoning": 2.5,
      "grok-4-fast-non-reasoning": 2.5,
      "grok-code-fast-1": 7.5,
      "kimi-k2-turbo-preview": 53.333333333333336,
      "llama-3.3-70b-versatile": 1.3389830508474578,
      "meta-llama/Llama-4-Maverick-17B-128E-Instruct-FP8": 4.2142857142857135,
      "meta-llama/Meta-Llama-3.1-405B-Instruct-Turbo": 1,
      "meta-llama/Meta-Llama-3.1-70B-Instruct": 1,
      "meta-llama/Meta-Llama-3.1-8B-Instruct": 2.5,
      "o3": 4,
      "o3-mini": 4,
      "o3-pro": 4,
      "o4-mini": 4,
      "openai/gpt-oss-120b": 5.5,
      "qwen-2.5-coder-32b": 1,
      "qwen3-max": 5,
      "route-llm": 3,
      "zai-org/glm-4.5": 3.666666666666667,
      "zai-org/glm-4.6": 3.666666666666667,
      "zai-org/glm-4.7": 3.5714285714285716
    },
    "model_price": {},
    "model_ratio": {
      "Qwen/QwQ-32B": 0.2,
      "Qwen/Qwen2.5-72B-Instruct": 0.055,
      "Qwen/Qwen3-235B-A22B-Instruct-2507": 0.065,
      "Qwen/Qwen3-32B": 0.045,
      "Qwen/qwen3-coder-480b-a35b-instruct": 0.145,
      "claude-3-7-sonnet-20250219": 1.5,
      "claude-haiku-4-5-20251001": 0.5,
      "claude-opus-4-1-20250805": 7.5,
      "claude-opus-4-20250514": 7.5,
      "claude-opus-4-5-20251101": 2.5,
      "claude-sonnet-4-20250514": 1.5,
      "claude-sonnet-4-5-20250929": 1.5,
      "deepseek-ai/DeepSeek-R1": 1.5,
      "deepseek-ai/DeepSeek-V3.1-Terminus": 0.135,
      "deepseek-ai/DeepSeek-V3.2": 0.135,
      "deepseek/deepseek-v3.1": 0.07,
      "gemini-2.0-flash-001": 0.05,
      "gemini-2.5-flash": 0.15,
      "gemini-2.5-pro": 0.625,
      "gemini-3-flash-preview": 0.25,
      "gemini-3-pro-preview": 1,
      "gpt-4.1": 1,
      "gpt-4.1-mini": 0.2,
      "gpt-4.1-nano": 0.05,
      "gpt-4o-2024-11-20": 1.25,
      "gpt-4o-mini": 0.075,
      "gpt-5": 0.625,
      "gpt-5-mini": 0.125,
      "gpt-5-nano": 0.025,
      "gpt-5.1": 0.625,
      "gpt-5.1-chat-latest": 0.625,
      "gpt-5.2": 0.875,
      "gpt-5.2-chat-latest": 0.75,
      "grok-4-0709": 1.5,
      "grok-4-1-fast-non-reasoning": 0.1,
      "grok-4-fast-non-reasoning": 0.1,
      "grok-code-fast-1": 0.1,
      "kimi-k2-turbo-preview": 0.075,
      "llama-3.3-70b-versatile": 0.295,
      "meta-llama/Llama-4-Maverick-17B-128E-Instruct-FP8": 0.07,
      "meta-llama/Meta-Llama-3.1-405B-Instruct-Turbo": 1.75,
      "meta-llama/Meta-Llama-3.1-70B-Instruct": 0.2,
      "meta-llama/Meta-Llama-3.1-8B-Instruct": 0.01,
      "o3": 1,
      "o3-mini": 0.55,
      "o3-pro": 10,
      "o4-mini": 0.55,
      "openai/gpt-oss-120b": 0.04,
      "qwen-2.5-coder-32b": 0.395,
      "qwen3-max": 0.6,
      "route-llm": 0.25,
      "zai-org/glm-4.5": 0.3,
      "zai-org/glm-4.6": 0.3,
      "zai-org/glm-4.7": 0.35
    }
  },
  "message": "",
  "success": true
}