{
  "data": {
    "cache_ratio": {
      "mimo-v2-flash": 0.019999999999999997,
      "mimo-v2-omni": 0.019999999999999997,
      "mimo-v2-pro": 0.008275862068965517,
      "mimo-v2.5": 0.019999999999999997,
      "mimo-v2.5-pro": 0.008275862068965517,
      "mimo-v2.5-pro-ultraspeed": 0.008275862068965517
    },
    "completion_ratio": {
      "mimo-v2-flash": 2,
      "mimo-v2-omni": 2,
      "mimo-v2-pro": 2,
      "mimo-v2.5": 2,
      "mimo-v2.5-pro": 2,
      "mimo-v2.5-pro-ultraspeed": 2
    },
    "model_price": {},
    "model_ratio": {
      "mimo-v2-flash": 0.07,
      "mimo-v2-omni": 0.07,
      "mimo-v2-pro": 0.2175,
      "mimo-v2.5": 0.07,
      "mimo-v2.5-pro": 0.2175,
      "mimo-v2.5-pro-ultraspeed": 0.6525
    }
  },
  "message": "",
  "success": true
}