{
  "data": {
    "cache_ratio": {
      "mimo-v2-flash": 0.09999999999999999,
      "mimo-v2-omni": 0.19999999999999998,
      "mimo-v2-pro": 0.2,
      "mimo-v2.5": 0.19999999999999998,
      "mimo-v2.5-pro": 0.2,
      "mimo-v2.5-pro-ultraspeed": 0.008275862068965517
    },
    "completion_ratio": {
      "mimo-v2-flash": 2.9999999999999996,
      "mimo-v2-omni": 5,
      "mimo-v2-pro": 3,
      "mimo-v2.5": 5,
      "mimo-v2.5-pro": 3,
      "mimo-v2.5-pro-ultraspeed": 2
    },
    "model_price": {},
    "model_ratio": {
      "mimo-v2-flash": 0.05,
      "mimo-v2-omni": 0.2,
      "mimo-v2-pro": 0.5,
      "mimo-v2.5": 0.2,
      "mimo-v2.5-pro": 0.5,
      "mimo-v2.5-pro-ultraspeed": 0.6525
    }
  },
  "message": "",
  "success": true
}