{
  "data": {
    "cache_ratio": {
      "step-1-32k": 0.2,
      "step-2-16k": 0.199616122840691,
      "step-3.5-flash": 0.19791666666666666
    },
    "completion_ratio": {
      "step-1-32k": 4.6780487804878055,
      "step-2-16k": 3.1554702495201536,
      "step-3.5-flash": 2.9999999999999996
    },
    "model_price": {},
    "model_ratio": {
      "step-1-32k": 1.025,
      "step-2-16k": 2.605,
      "step-3.5-flash": 0.048
    }
  },
  "message": "",
  "success": true
}