{
  "data": {
    "cache_ratio": {
      "Pro/moonshotai/Kimi-K2.6": 0.16842105263157897,
      "deepseek-ai/DeepSeek-V4-Flash": 0.021428571428571425,
      "deepseek-ai/DeepSeek-V4-Pro": 0.08333333333333333
    },
    "completion_ratio": {
      "ByteDance-Seed/Seed-OSS-36B-Instruct": 2.714285714285714,
      "Pro/MiniMaxAI/MiniMax-M2.5": 4.066666666666666,
      "Pro/deepseek-ai/DeepSeek-R1": 4.36,
      "Pro/deepseek-ai/DeepSeek-V3": 4,
      "Pro/deepseek-ai/DeepSeek-V3.1-Terminus": 3.7037037037037033,
      "Pro/deepseek-ai/DeepSeek-V3.2": 1.5555555555555554,
      "Pro/moonshotai/Kimi-K2.5": 5,
      "Pro/moonshotai/Kimi-K2.6": 4.2105263157894735,
      "Pro/zai-org/GLM-5": 3.2,
      "Pro/zai-org/GLM-5.1": 3.1428571428571432,
      "Qwen/Qwen2.5-72B-Instruct": 1,
      "Qwen/Qwen2.5-7B-Instruct": 1,
      "Qwen/Qwen3-14B": 4,
      "Qwen/Qwen3-235B-A22B-Thinking-2507": 4.615384615384615,
      "Qwen/Qwen3-30B-A3B-Instruct-2507": 3.3333333333333335,
      "Qwen/Qwen3-32B": 4.07142857142857,
      "Qwen/Qwen3-8B": 1,
      "Qwen/Qwen3-Coder-30B-A3B-Instruct": 4,
      "Qwen/Qwen3-Coder-480B-A35B-Instruct": 4,
      "Qwen/Qwen3-VL-235B-A22B-Instruct": 5,
      "Qwen/Qwen3-VL-235B-A22B-Thinking": 7.777777777777778,
      "Qwen/Qwen3-VL-30B-A3B-Instruct": 3.4482758620689657,
      "Qwen/Qwen3-VL-30B-A3B-Thinking": 3.4482758620689657,
      "Qwen/Qwen3-VL-32B-Instruct": 2.9999999999999996,
      "Qwen/Qwen3-VL-32B-Thinking": 7.5,
      "Qwen/Qwen3-VL-8B-Instruct": 3.777777777777778,
      "Qwen/Qwen3.5-122B-A10B": 8,
      "Qwen/Qwen3.5-27B": 8.038461538461538,
      "Qwen/Qwen3.5-35B-A3B": 8.08695652173913,
      "Qwen/Qwen3.5-397B-A17B": 6,
      "Qwen/Qwen3.5-9B": 7.909090909090909,
      "Qwen/Qwen3.6-35B-A3B": 8.08695652173913,
      "baidu/ERNIE-4.5-300B-A47B": 3.9285714285714284,
      "deepseek-ai/DeepSeek-R1": 4.36,
      "deepseek-ai/DeepSeek-V3": 4,
      "deepseek-ai/DeepSeek-V3.1-Terminus": 3.7037037037037033,
      "deepseek-ai/DeepSeek-V3.2": 1.5555555555555554,
      "deepseek-ai/DeepSeek-V4-Flash": 2,
      "deepseek-ai/DeepSeek-V4-Pro": 2,
      "inclusionAI/Ling-flash-2.0": 4.07142857142857,
      "stepfun-ai/Step-3.5-Flash": 2.9999999999999996,
      "tencent/Hunyuan-A13B-Instruct": 4.07142857142857,
      "zai-org/GLM-4.5-Air": 6.142857142857142,
      "zai-org/GLM-5.2": 3.1428571428571432
    },
    "model_price": {},
    "model_ratio": {
      "ByteDance-Seed/Seed-OSS-36B-Instruct": 0.105,
      "Pro/MiniMaxAI/MiniMax-M2.5": 0.15,
      "Pro/deepseek-ai/DeepSeek-R1": 0.25,
      "Pro/deepseek-ai/DeepSeek-V3": 0.125,
      "Pro/deepseek-ai/DeepSeek-V3.1-Terminus": 0.135,
      "Pro/deepseek-ai/DeepSeek-V3.2": 0.135,
      "Pro/moonshotai/Kimi-K2.5": 0.225,
      "Pro/moonshotai/Kimi-K2.6": 0.475,
      "Pro/zai-org/GLM-5": 0.5,
      "Pro/zai-org/GLM-5.1": 0.7,
      "Qwen/Qwen2.5-72B-Instruct": 0.295,
      "Qwen/Qwen2.5-7B-Instruct": 0.025,
      "Qwen/Qwen3-14B": 0.035,
      "Qwen/Qwen3-235B-A22B-Thinking-2507": 0.065,
      "Qwen/Qwen3-30B-A3B-Instruct-2507": 0.045,
      "Qwen/Qwen3-32B": 0.07,
      "Qwen/Qwen3-8B": 0.03,
      "Qwen/Qwen3-Coder-30B-A3B-Instruct": 0.035,
      "Qwen/Qwen3-Coder-480B-A35B-Instruct": 0.125,
      "Qwen/Qwen3-VL-235B-A22B-Instruct": 0.15,
      "Qwen/Qwen3-VL-235B-A22B-Thinking": 0.225,
      "Qwen/Qwen3-VL-30B-A3B-Instruct": 0.145,
      "Qwen/Qwen3-VL-30B-A3B-Thinking": 0.145,
      "Qwen/Qwen3-VL-32B-Instruct": 0.1,
      "Qwen/Qwen3-VL-32B-Thinking": 0.1,
      "Qwen/Qwen3-VL-8B-Instruct": 0.09,
      "Qwen/Qwen3.5-122B-A10B": 0.145,
      "Qwen/Qwen3.5-27B": 0.13,
      "Qwen/Qwen3.5-35B-A3B": 0.115,
      "Qwen/Qwen3.5-397B-A17B": 0.145,
      "Qwen/Qwen3.5-9B": 0.11,
      "Qwen/Qwen3.6-35B-A3B": 0.115,
      "baidu/ERNIE-4.5-300B-A47B": 0.14,
      "deepseek-ai/DeepSeek-R1": 0.25,
      "deepseek-ai/DeepSeek-V3": 0.125,
      "deepseek-ai/DeepSeek-V3.1-Terminus": 0.135,
      "deepseek-ai/DeepSeek-V3.2": 0.135,
      "deepseek-ai/DeepSeek-V4-Flash": 0.07,
      "deepseek-ai/DeepSeek-V4-Pro": 0.87,
      "inclusionAI/Ling-flash-2.0": 0.07,
      "stepfun-ai/Step-3.5-Flash": 0.05,
      "tencent/Hunyuan-A13B-Instruct": 0.07,
      "zai-org/GLM-4.5-Air": 0.07,
      "zai-org/GLM-5.2": 0.7
    }
  },
  "message": "",
  "success": true
}