{
  "data": {
    "cache_ratio": {},
    "completion_ratio": {
      "ByteDance-Seed/Seed-OSS-36B-Instruct": 2.714285714285714,
      "Kwaipilot/KAT-Dev": 2.9999999999999996,
      "MiniMaxAI/MiniMax-M1-80k": 4,
      "MiniMaxAI/MiniMax-M2": 4,
      "Pro/MiniMaxAI/MiniMax-M2.1": 4,
      "Pro/deepseek-ai/DeepSeek-R1": 4.36,
      "Pro/deepseek-ai/DeepSeek-V3": 4,
      "Pro/deepseek-ai/DeepSeek-V3.1-Terminus": 3.7037037037037033,
      "Pro/deepseek-ai/DeepSeek-V3.2": 1.5555555555555554,
      "Pro/moonshotai/Kimi-K2-Instruct-0905": 5,
      "Pro/moonshotai/Kimi-K2-Thinking": 4.545454545454545,
      "Pro/zai-org/GLM-4.7": 3.666666666666667,
      "Qwen/QwQ-32B": 3.8666666666666667,
      "Qwen/Qwen2.5-14B-Instruct": 1,
      "Qwen/Qwen2.5-32B-Instruct": 1,
      "Qwen/Qwen2.5-72B-Instruct": 1,
      "Qwen/Qwen2.5-72B-Instruct-128K": 1,
      "Qwen/Qwen2.5-7B-Instruct": 1,
      "Qwen/Qwen2.5-Coder-32B-Instruct": 1,
      "Qwen/Qwen2.5-VL-32B-Instruct": 1,
      "Qwen/Qwen2.5-VL-72B-Instruct": 1,
      "Qwen/Qwen3-14B": 4,
      "Qwen/Qwen3-235B-A22B-Instruct-2507": 6.666666666666667,
      "Qwen/Qwen3-235B-A22B-Thinking-2507": 4.615384615384615,
      "Qwen/Qwen3-30B-A3B": 5,
      "Qwen/Qwen3-30B-A3B-Instruct-2507": 3.3333333333333335,
      "Qwen/Qwen3-30B-A3B-Thinking-2507": 3.3333333333333335,
      "Qwen/Qwen3-32B": 4.07142857142857,
      "Qwen/Qwen3-8B": 1,
      "Qwen/Qwen3-Coder-30B-A3B-Instruct": 4,
      "Qwen/Qwen3-Coder-480B-A35B-Instruct": 4,
      "Qwen/Qwen3-Next-80B-A3B-Instruct": 9.999999999999998,
      "Qwen/Qwen3-Next-80B-A3B-Thinking": 4.07142857142857,
      "Qwen/Qwen3-Omni-30B-A3B-Captioner": 4,
      "Qwen/Qwen3-Omni-30B-A3B-Instruct": 4,
      "Qwen/Qwen3-Omni-30B-A3B-Thinking": 4,
      "Qwen/Qwen3-VL-235B-A22B-Instruct": 5,
      "Qwen/Qwen3-VL-235B-A22B-Thinking": 7.777777777777778,
      "Qwen/Qwen3-VL-30B-A3B-Instruct": 3.4482758620689657,
      "Qwen/Qwen3-VL-30B-A3B-Thinking": 3.4482758620689657,
      "Qwen/Qwen3-VL-32B-Instruct": 2.9999999999999996,
      "Qwen/Qwen3-VL-32B-Thinking": 7.5,
      "Qwen/Qwen3-VL-8B-Instruct": 3.777777777777778,
      "Qwen/Qwen3-VL-8B-Thinking": 11.11111111111111,
      "THUDM/GLM-4-32B-0414": 1,
      "THUDM/GLM-4-9B-0414": 1,
      "THUDM/GLM-4.1V-9B-Thinking": 4,
      "THUDM/GLM-Z1-32B-0414": 4.07142857142857,
      "THUDM/GLM-Z1-9B-0414": 1,
      "ascend-tribe/pangu-pro-moe": 2.9999999999999996,
      "baidu/ERNIE-4.5-300B-A47B": 3.9285714285714284,
      "deepseek-ai/DeepSeek-R1": 4.36,
      "deepseek-ai/DeepSeek-R1-Distill-Qwen-14B": 1,
      "deepseek-ai/DeepSeek-R1-Distill-Qwen-32B": 1,
      "deepseek-ai/DeepSeek-R1-Distill-Qwen-7B": 1,
      "deepseek-ai/DeepSeek-V3": 4,
      "deepseek-ai/DeepSeek-V3.1-Terminus": 3.7037037037037033,
      "deepseek-ai/DeepSeek-V3.2": 1.5555555555555554,
      "deepseek-ai/deepseek-vl2": 1,
      "inclusionAI/Ling-flash-2.0": 4.07142857142857,
      "inclusionAI/Ling-mini-2.0": 4,
      "inclusionAI/Ring-flash-2.0": 4.07142857142857,
      "moonshotai/Kimi-Dev-72B": 3.9655172413793105,
      "moonshotai/Kimi-K2-Instruct-0905": 5,
      "moonshotai/Kimi-K2-Thinking": 4.545454545454545,
      "stepfun-ai/step3": 2.491228070175439,
      "tencent/Hunyuan-A13B-Instruct": 4.07142857142857,
      "zai-org/GLM-4.5-Air": 6.142857142857142,
      "zai-org/GLM-4.5V": 6.142857142857142,
      "zai-org/GLM-4.6": 3.8,
      "zai-org/GLM-4.6V": 3
    },
    "model_price": {},
    "model_ratio": {
      "ByteDance-Seed/Seed-OSS-36B-Instruct": 0.105,
      "Kwaipilot/KAT-Dev": 0.1,
      "MiniMaxAI/MiniMax-M1-80k": 0.275,
      "MiniMaxAI/MiniMax-M2": 0.15,
      "Pro/MiniMaxAI/MiniMax-M2.1": 0.15,
      "Pro/deepseek-ai/DeepSeek-R1": 0.25,
      "Pro/deepseek-ai/DeepSeek-V3": 0.125,
      "Pro/deepseek-ai/DeepSeek-V3.1-Terminus": 0.135,
      "Pro/deepseek-ai/DeepSeek-V3.2": 0.135,
      "Pro/moonshotai/Kimi-K2-Instruct-0905": 0.2,
      "Pro/moonshotai/Kimi-K2-Thinking": 0.275,
      "Pro/zai-org/GLM-4.7": 0.3,
      "Qwen/QwQ-32B": 0.075,
      "Qwen/Qwen2.5-14B-Instruct": 0.05,
      "Qwen/Qwen2.5-32B-Instruct": 0.09,
      "Qwen/Qwen2.5-72B-Instruct": 0.295,
      "Qwen/Qwen2.5-72B-Instruct-128K": 0.295,
      "Qwen/Qwen2.5-7B-Instruct": 0.025,
      "Qwen/Qwen2.5-Coder-32B-Instruct": 0.09,
      "Qwen/Qwen2.5-VL-32B-Instruct": 0.135,
      "Qwen/Qwen2.5-VL-72B-Instruct": 0.295,
      "Qwen/Qwen3-14B": 0.035,
      "Qwen/Qwen3-235B-A22B-Instruct-2507": 0.045,
      "Qwen/Qwen3-235B-A22B-Thinking-2507": 0.065,
      "Qwen/Qwen3-30B-A3B": 0.045,
      "Qwen/Qwen3-30B-A3B-Instruct-2507": 0.045,
      "Qwen/Qwen3-30B-A3B-Thinking-2507": 0.045,
      "Qwen/Qwen3-32B": 0.07,
      "Qwen/Qwen3-8B": 0.03,
      "Qwen/Qwen3-Coder-30B-A3B-Instruct": 0.035,
      "Qwen/Qwen3-Coder-480B-A35B-Instruct": 0.125,
      "Qwen/Qwen3-Next-80B-A3B-Instruct": 0.07,
      "Qwen/Qwen3-Next-80B-A3B-Thinking": 0.07,
      "Qwen/Qwen3-Omni-30B-A3B-Captioner": 0.05,
      "Qwen/Qwen3-Omni-30B-A3B-Instruct": 0.05,
      "Qwen/Qwen3-Omni-30B-A3B-Thinking": 0.05,
      "Qwen/Qwen3-VL-235B-A22B-Instruct": 0.15,
      "Qwen/Qwen3-VL-235B-A22B-Thinking": 0.225,
      "Qwen/Qwen3-VL-30B-A3B-Instruct": 0.145,
      "Qwen/Qwen3-VL-30B-A3B-Thinking": 0.145,
      "Qwen/Qwen3-VL-32B-Instruct": 0.1,
      "Qwen/Qwen3-VL-32B-Thinking": 0.1,
      "Qwen/Qwen3-VL-8B-Instruct": 0.09,
      "Qwen/Qwen3-VL-8B-Thinking": 0.09,
      "THUDM/GLM-4-32B-0414": 0.135,
      "THUDM/GLM-4-9B-0414": 0.043,
      "THUDM/GLM-4.1V-9B-Thinking": 0.0175,
      "THUDM/GLM-Z1-32B-0414": 0.07,
      "THUDM/GLM-Z1-9B-0414": 0.043,
      "ascend-tribe/pangu-pro-moe": 0.1,
      "baidu/ERNIE-4.5-300B-A47B": 0.14,
      "deepseek-ai/DeepSeek-R1": 0.25,
      "deepseek-ai/DeepSeek-R1-Distill-Qwen-14B": 0.05,
      "deepseek-ai/DeepSeek-R1-Distill-Qwen-32B": 0.09,
      "deepseek-ai/DeepSeek-R1-Distill-Qwen-7B": 0.025,
      "deepseek-ai/DeepSeek-V3": 0.125,
      "deepseek-ai/DeepSeek-V3.1-Terminus": 0.135,
      "deepseek-ai/DeepSeek-V3.2": 0.135,
      "deepseek-ai/deepseek-vl2": 0.075,
      "inclusionAI/Ling-flash-2.0": 0.07,
      "inclusionAI/Ling-mini-2.0": 0.035,
      "inclusionAI/Ring-flash-2.0": 0.07,
      "moonshotai/Kimi-Dev-72B": 0.145,
      "moonshotai/Kimi-K2-Instruct-0905": 0.2,
      "moonshotai/Kimi-K2-Thinking": 0.275,
      "stepfun-ai/step3": 0.285,
      "tencent/Hunyuan-A13B-Instruct": 0.07,
      "zai-org/GLM-4.5-Air": 0.07,
      "zai-org/GLM-4.5V": 0.07,
      "zai-org/GLM-4.6": 0.25,
      "zai-org/GLM-4.6V": 0.15
    }
  },
  "message": "",
  "success": true
}