{
  "data": {
    "cache_ratio": {},
    "completion_ratio": {
      "DeepSeek-V4-Flash": 1.997902097902098,
      "DeepSeek-V4-Pro": 1.9997666822211853,
      "GLM-5.1": 4.000233345000583,
      "Kimi-K2.6": 4.153672194701701
    },
    "model_price": {},
    "model_ratio": {
      "DeepSeek-V4-Flash": 0.0715,
      "DeepSeek-V4-Pro": 0.2143,
      "GLM-5.1": 0.42855,
      "Kimi-K2.6": 0.4643
    }
  },
  "message": "",
  "success": true
}