{
  "data": {
    "cache_ratio": {},
    "completion_ratio": {
      "baidu-ernie-4.5-300b-a47b": 3.9285714285714284,
      "bytedance-seed-seed-oss-36b-instruct": 2.714285714285714,
      "deepseek-ai-deepseek-r1": 4.36,
      "deepseek-ai-deepseek-r1-distill-qwen-14b": 1,
      "deepseek-ai-deepseek-r1-distill-qwen-32b": 1,
      "deepseek-ai-deepseek-r1-distill-qwen-7b": 1,
      "deepseek-ai-deepseek-v3": 4,
      "deepseek-ai-deepseek-v3.1": 3.7037037037037033,
      "deepseek-ai-deepseek-v3.1-terminus": 3.7037037037037033,
      "deepseek-ai-deepseek-v3.2-exp": 1.5185185185185184,
      "deepseek-ai-deepseek-vl2": 1,
      "inclusionai-ling-flash-2.0": 4.07142857142857,
      "inclusionai-ling-mini-2.0": 4,
      "inclusionai-ring-flash-2.0": 4.07142857142857,
      "meta-llama-meta-llama-3.1-8b-instruct": 1,
      "minimaxai-minimax-m1-80k": 4,
      "minimaxai-minimax-m2": 4,
      "moonshotai-kimi-dev-72b": 3.9655172413793105,
      "moonshotai-kimi-k2-instruct": 3.9482758620689657,
      "moonshotai-kimi-k2-instruct-0905": 5,
      "moonshotai-kimi-k2-thinking": 4.545454545454545,
      "nex-agi-deepseek-v3.1-nex-n1": 4,
      "openai-gpt-oss-120b": 9,
      "openai-gpt-oss-20b": 4.5,
      "qwen-qwen2.5-14b-instruct": 1,
      "qwen-qwen2.5-32b-instruct": 1,
      "qwen-qwen2.5-72b-instruct": 1,
      "qwen-qwen2.5-72b-instruct-128k": 1,
      "qwen-qwen2.5-7b-instruct": 1,
      "qwen-qwen2.5-coder-32b-instruct": 1,
      "qwen-qwen2.5-vl-32b-instruct": 1,
      "qwen-qwen2.5-vl-72b-instruct": 1,
      "qwen-qwen2.5-vl-7b-instruct": 1,
      "qwen-qwen3-14b": 4,
      "qwen-qwen3-235b-a22b": 4.057142857142857,
      "qwen-qwen3-235b-a22b-instruct-2507": 6.666666666666667,
      "qwen-qwen3-235b-a22b-thinking-2507": 4.615384615384615,
      "qwen-qwen3-30b-a3b": 5,
      "qwen-qwen3-30b-a3b-instruct-2507": 3.3333333333333335,
      "qwen-qwen3-30b-a3b-thinking-2507": 3.3333333333333335,
      "qwen-qwen3-32b": 4.07142857142857,
      "qwen-qwen3-8b": 1,
      "qwen-qwen3-coder-30b-a3b-instruct": 4,
      "qwen-qwen3-coder-480b-a35b-instruct": 4,
      "qwen-qwen3-next-80b-a3b-instruct": 9.999999999999998,
      "qwen-qwen3-next-80b-a3b-thinking": 4.07142857142857,
      "qwen-qwen3-omni-30b-a3b-captioner": 4,
      "qwen-qwen3-omni-30b-a3b-instruct": 4,
      "qwen-qwen3-omni-30b-a3b-thinking": 4,
      "qwen-qwen3-vl-235b-a22b-instruct": 5,
      "qwen-qwen3-vl-235b-a22b-thinking": 7.777777777777778,
      "qwen-qwen3-vl-30b-a3b-instruct": 3.4482758620689657,
      "qwen-qwen3-vl-30b-a3b-thinking": 3.4482758620689657,
      "qwen-qwen3-vl-32b-instruct": 2.9999999999999996,
      "qwen-qwen3-vl-32b-thinking": 7.5,
      "qwen-qwen3-vl-8b-instruct": 3.777777777777778,
      "qwen-qwen3-vl-8b-thinking": 11.11111111111111,
      "qwen-qwq-32b": 3.8666666666666667,
      "stepfun-ai-step3": 2.491228070175439,
      "tencent-hunyuan-a13b-instruct": 4.07142857142857,
      "thudm-glm-4-32b-0414": 1,
      "thudm-glm-4-9b-0414": 1,
      "thudm-glm-4.1v-9b-thinking": 4,
      "thudm-glm-z1-32b-0414": 4.07142857142857,
      "thudm-glm-z1-9b-0414": 1,
      "z-ai-glm-4.5": 5,
      "z-ai-glm-4.5-air": 6.142857142857142,
      "zai-org-glm-4.5": 5,
      "zai-org-glm-4.5-air": 6.142857142857142,
      "zai-org-glm-4.5v": 6.142857142857142,
      "zai-org-glm-4.6": 3.8
    },
    "model_price": {},
    "model_ratio": {
      "baidu-ernie-4.5-300b-a47b": 0.14,
      "bytedance-seed-seed-oss-36b-instruct": 0.105,
      "deepseek-ai-deepseek-r1": 0.25,
      "deepseek-ai-deepseek-r1-distill-qwen-14b": 0.05,
      "deepseek-ai-deepseek-r1-distill-qwen-32b": 0.09,
      "deepseek-ai-deepseek-r1-distill-qwen-7b": 0.025,
      "deepseek-ai-deepseek-v3": 0.125,
      "deepseek-ai-deepseek-v3.1": 0.135,
      "deepseek-ai-deepseek-v3.1-terminus": 0.135,
      "deepseek-ai-deepseek-v3.2-exp": 0.135,
      "deepseek-ai-deepseek-vl2": 0.075,
      "inclusionai-ling-flash-2.0": 0.07,
      "inclusionai-ling-mini-2.0": 0.035,
      "inclusionai-ring-flash-2.0": 0.07,
      "meta-llama-meta-llama-3.1-8b-instruct": 0.03,
      "minimaxai-minimax-m1-80k": 0.275,
      "minimaxai-minimax-m2": 0.15,
      "moonshotai-kimi-dev-72b": 0.145,
      "moonshotai-kimi-k2-instruct": 0.29,
      "moonshotai-kimi-k2-instruct-0905": 0.2,
      "moonshotai-kimi-k2-thinking": 0.275,
      "nex-agi-deepseek-v3.1-nex-n1": 0.25,
      "openai-gpt-oss-120b": 0.025,
      "openai-gpt-oss-20b": 0.02,
      "qwen-qwen2.5-14b-instruct": 0.05,
      "qwen-qwen2.5-32b-instruct": 0.09,
      "qwen-qwen2.5-72b-instruct": 0.295,
      "qwen-qwen2.5-72b-instruct-128k": 0.295,
      "qwen-qwen2.5-7b-instruct": 0.025,
      "qwen-qwen2.5-coder-32b-instruct": 0.09,
      "qwen-qwen2.5-vl-32b-instruct": 0.135,
      "qwen-qwen2.5-vl-72b-instruct": 0.295,
      "qwen-qwen2.5-vl-7b-instruct": 0.025,
      "qwen-qwen3-14b": 0.035,
      "qwen-qwen3-235b-a22b": 0.175,
      "qwen-qwen3-235b-a22b-instruct-2507": 0.045,
      "qwen-qwen3-235b-a22b-thinking-2507": 0.065,
      "qwen-qwen3-30b-a3b": 0.045,
      "qwen-qwen3-30b-a3b-instruct-2507": 0.045,
      "qwen-qwen3-30b-a3b-thinking-2507": 0.045,
      "qwen-qwen3-32b": 0.07,
      "qwen-qwen3-8b": 0.03,
      "qwen-qwen3-coder-30b-a3b-instruct": 0.035,
      "qwen-qwen3-coder-480b-a35b-instruct": 0.125,
      "qwen-qwen3-next-80b-a3b-instruct": 0.07,
      "qwen-qwen3-next-80b-a3b-thinking": 0.07,
      "qwen-qwen3-omni-30b-a3b-captioner": 0.05,
      "qwen-qwen3-omni-30b-a3b-instruct": 0.05,
      "qwen-qwen3-omni-30b-a3b-thinking": 0.05,
      "qwen-qwen3-vl-235b-a22b-instruct": 0.15,
      "qwen-qwen3-vl-235b-a22b-thinking": 0.225,
      "qwen-qwen3-vl-30b-a3b-instruct": 0.145,
      "qwen-qwen3-vl-30b-a3b-thinking": 0.145,
      "qwen-qwen3-vl-32b-instruct": 0.1,
      "qwen-qwen3-vl-32b-thinking": 0.1,
      "qwen-qwen3-vl-8b-instruct": 0.09,
      "qwen-qwen3-vl-8b-thinking": 0.09,
      "qwen-qwq-32b": 0.075,
      "stepfun-ai-step3": 0.285,
      "tencent-hunyuan-a13b-instruct": 0.07,
      "thudm-glm-4-32b-0414": 0.135,
      "thudm-glm-4-9b-0414": 0.043,
      "thudm-glm-4.1v-9b-thinking": 0.0175,
      "thudm-glm-z1-32b-0414": 0.07,
      "thudm-glm-z1-9b-0414": 0.043,
      "z-ai-glm-4.5": 0.2,
      "z-ai-glm-4.5-air": 0.07,
      "zai-org-glm-4.5": 0.2,
      "zai-org-glm-4.5-air": 0.07,
      "zai-org-glm-4.5v": 0.07,
      "zai-org-glm-4.6": 0.25
    }
  },
  "message": "",
  "success": true
}