{
  "data": {
    "cache_ratio": {
      "deepseek-ai/deepseek-v4-flash": 0.19999999999999998,
      "deepseek-ai/deepseek-v4-pro": 0.08333333333333333,
      "moonshotai/Kimi-K2.6": 0.16842105263157897
    },
    "completion_ratio": {
      "ByteDance-Seed/Seed-OSS-36B-Instruct": 2.714285714285714,
      "MiniMaxAI/MiniMax-M2.5": 4,
      "Qwen/QwQ-32B": 3.8666666666666667,
      "Qwen/Qwen2.5-14B-Instruct": 1,
      "Qwen/Qwen2.5-32B-Instruct": 1,
      "Qwen/Qwen2.5-72B-Instruct": 1,
      "Qwen/Qwen2.5-72B-Instruct-128K": 1,
      "Qwen/Qwen2.5-7B-Instruct": 1,
      "Qwen/Qwen2.5-Coder-32B-Instruct": 1,
      "Qwen/Qwen2.5-VL-32B-Instruct": 1,
      "Qwen/Qwen2.5-VL-72B-Instruct": 1,
      "Qwen/Qwen2.5-VL-7B-Instruct": 1,
      "Qwen/Qwen3-14B": 4,
      "Qwen/Qwen3-235B-A22B": 4.057142857142857,
      "Qwen/Qwen3-235B-A22B-Instruct-2507": 6.666666666666667,
      "Qwen/Qwen3-235B-A22B-Thinking-2507": 4.615384615384615,
      "Qwen/Qwen3-30B-A3B-Instruct-2507": 3.3333333333333335,
      "Qwen/Qwen3-30B-A3B-Thinking-2507": 3.3333333333333335,
      "Qwen/Qwen3-32B": 4.07142857142857,
      "Qwen/Qwen3-8B": 1,
      "Qwen/Qwen3-Coder-30B-A3B-Instruct": 4,
      "Qwen/Qwen3-Coder-480B-A35B-Instruct": 4,
      "Qwen/Qwen3-Next-80B-A3B-Instruct": 9.999999999999998,
      "Qwen/Qwen3-Next-80B-A3B-Thinking": 4.07142857142857,
      "Qwen/Qwen3-Omni-30B-A3B-Captioner": 4,
      "Qwen/Qwen3-Omni-30B-A3B-Instruct": 4,
      "Qwen/Qwen3-Omni-30B-A3B-Thinking": 4,
      "Qwen/Qwen3-VL-235B-A22B-Instruct": 5,
      "Qwen/Qwen3-VL-235B-A22B-Thinking": 7.777777777777778,
      "Qwen/Qwen3-VL-30B-A3B-Instruct": 3.4482758620689657,
      "Qwen/Qwen3-VL-30B-A3B-Thinking": 3.4482758620689657,
      "Qwen/Qwen3-VL-32B-Instruct": 2.9999999999999996,
      "Qwen/Qwen3-VL-32B-Thinking": 7.5,
      "Qwen/Qwen3-VL-8B-Instruct": 3.777777777777778,
      "Qwen/Qwen3-VL-8B-Thinking": 11.11111111111111,
      "THUDM/GLM-4-32B-0414": 1,
      "THUDM/GLM-4-9B-0414": 1,
      "THUDM/GLM-Z1-32B-0414": 4.07142857142857,
      "THUDM/GLM-Z1-9B-0414": 1,
      "baidu/ERNIE-4.5-300B-A47B": 3.9285714285714284,
      "deepseek-ai/DeepSeek-R1": 4.36,
      "deepseek-ai/DeepSeek-R1-Distill-Qwen-14B": 1,
      "deepseek-ai/DeepSeek-R1-Distill-Qwen-32B": 1,
      "deepseek-ai/DeepSeek-V3": 4,
      "deepseek-ai/DeepSeek-V3.1": 3.7037037037037033,
      "deepseek-ai/DeepSeek-V3.1-Terminus": 3.7037037037037033,
      "deepseek-ai/DeepSeek-V3.2": 1.5555555555555554,
      "deepseek-ai/DeepSeek-V3.2-Exp": 1.5185185185185184,
      "deepseek-ai/deepseek-v4-flash": 2,
      "deepseek-ai/deepseek-v4-pro": 2,
      "deepseek-ai/deepseek-vl2": 1,
      "google/gemma-4-26B-A4B-it": 3.3333333333333335,
      "google/gemma-4-31B-it": 3.076923076923077,
      "inclusionAI/Ling-flash-2.0": 4.07142857142857,
      "moonshotai/Kimi-K2-Instruct": 3.9482758620689657,
      "moonshotai/Kimi-K2-Instruct-0905": 5,
      "moonshotai/Kimi-K2-Thinking": 4.545454545454545,
      "moonshotai/Kimi-K2.5": 5,
      "moonshotai/Kimi-K2.6": 4.2105263157894735,
      "openai/gpt-oss-120b": 9,
      "openai/gpt-oss-20b": 4.5,
      "stepfun-ai/Step-3.5-Flash": 2.9999999999999996,
      "tencent/Hunyuan-A13B-Instruct": 4.07142857142857,
      "zai-org/GLM-4.5": 5,
      "zai-org/GLM-4.5-Air": 6.142857142857142,
      "zai-org/GLM-4.5V": 6.142857142857142,
      "zai-org/GLM-4.6": 3.8,
      "zai-org/GLM-4.6V": 3,
      "zai-org/GLM-4.7": 3.666666666666667,
      "zai-org/GLM-5": 3.2,
      "zai-org/GLM-5.1": 3.1428571428571432,
      "zai-org/GLM-5V-Turbo": 3.3333333333333335
    },
    "model_price": {},
    "model_ratio": {
      "ByteDance-Seed/Seed-OSS-36B-Instruct": 0.105,
      "MiniMaxAI/MiniMax-M2.5": 0.15,
      "Qwen/QwQ-32B": 0.075,
      "Qwen/Qwen2.5-14B-Instruct": 0.05,
      "Qwen/Qwen2.5-32B-Instruct": 0.09,
      "Qwen/Qwen2.5-72B-Instruct": 0.295,
      "Qwen/Qwen2.5-72B-Instruct-128K": 0.295,
      "Qwen/Qwen2.5-7B-Instruct": 0.025,
      "Qwen/Qwen2.5-Coder-32B-Instruct": 0.09,
      "Qwen/Qwen2.5-VL-32B-Instruct": 0.135,
      "Qwen/Qwen2.5-VL-72B-Instruct": 0.295,
      "Qwen/Qwen2.5-VL-7B-Instruct": 0.025,
      "Qwen/Qwen3-14B": 0.035,
      "Qwen/Qwen3-235B-A22B": 0.175,
      "Qwen/Qwen3-235B-A22B-Instruct-2507": 0.045,
      "Qwen/Qwen3-235B-A22B-Thinking-2507": 0.065,
      "Qwen/Qwen3-30B-A3B-Instruct-2507": 0.045,
      "Qwen/Qwen3-30B-A3B-Thinking-2507": 0.045,
      "Qwen/Qwen3-32B": 0.07,
      "Qwen/Qwen3-8B": 0.03,
      "Qwen/Qwen3-Coder-30B-A3B-Instruct": 0.035,
      "Qwen/Qwen3-Coder-480B-A35B-Instruct": 0.125,
      "Qwen/Qwen3-Next-80B-A3B-Instruct": 0.07,
      "Qwen/Qwen3-Next-80B-A3B-Thinking": 0.07,
      "Qwen/Qwen3-Omni-30B-A3B-Captioner": 0.05,
      "Qwen/Qwen3-Omni-30B-A3B-Instruct": 0.05,
      "Qwen/Qwen3-Omni-30B-A3B-Thinking": 0.05,
      "Qwen/Qwen3-VL-235B-A22B-Instruct": 0.15,
      "Qwen/Qwen3-VL-235B-A22B-Thinking": 0.225,
      "Qwen/Qwen3-VL-30B-A3B-Instruct": 0.145,
      "Qwen/Qwen3-VL-30B-A3B-Thinking": 0.145,
      "Qwen/Qwen3-VL-32B-Instruct": 0.1,
      "Qwen/Qwen3-VL-32B-Thinking": 0.1,
      "Qwen/Qwen3-VL-8B-Instruct": 0.09,
      "Qwen/Qwen3-VL-8B-Thinking": 0.09,
      "THUDM/GLM-4-32B-0414": 0.135,
      "THUDM/GLM-4-9B-0414": 0.043,
      "THUDM/GLM-Z1-32B-0414": 0.07,
      "THUDM/GLM-Z1-9B-0414": 0.043,
      "baidu/ERNIE-4.5-300B-A47B": 0.14,
      "deepseek-ai/DeepSeek-R1": 0.25,
      "deepseek-ai/DeepSeek-R1-Distill-Qwen-14B": 0.05,
      "deepseek-ai/DeepSeek-R1-Distill-Qwen-32B": 0.09,
      "deepseek-ai/DeepSeek-V3": 0.125,
      "deepseek-ai/DeepSeek-V3.1": 0.135,
      "deepseek-ai/DeepSeek-V3.1-Terminus": 0.135,
      "deepseek-ai/DeepSeek-V3.2": 0.135,
      "deepseek-ai/DeepSeek-V3.2-Exp": 0.135,
      "deepseek-ai/deepseek-v4-flash": 0.07,
      "deepseek-ai/deepseek-v4-pro": 0.87,
      "deepseek-ai/deepseek-vl2": 0.075,
      "google/gemma-4-26B-A4B-it": 0.06,
      "google/gemma-4-31B-it": 0.065,
      "inclusionAI/Ling-flash-2.0": 0.07,
      "moonshotai/Kimi-K2-Instruct": 0.29,
      "moonshotai/Kimi-K2-Instruct-0905": 0.2,
      "moonshotai/Kimi-K2-Thinking": 0.275,
      "moonshotai/Kimi-K2.5": 0.225,
      "moonshotai/Kimi-K2.6": 0.475,
      "openai/gpt-oss-120b": 0.025,
      "openai/gpt-oss-20b": 0.02,
      "stepfun-ai/Step-3.5-Flash": 0.05,
      "tencent/Hunyuan-A13B-Instruct": 0.07,
      "zai-org/GLM-4.5": 0.2,
      "zai-org/GLM-4.5-Air": 0.07,
      "zai-org/GLM-4.5V": 0.07,
      "zai-org/GLM-4.6": 0.25,
      "zai-org/GLM-4.6V": 0.15,
      "zai-org/GLM-4.7": 0.3,
      "zai-org/GLM-5": 0.5,
      "zai-org/GLM-5.1": 0.7,
      "zai-org/GLM-5V-Turbo": 0.6
    }
  },
  "message": "",
  "success": true
}