{
  "data": {
    "cache_ratio": {},
    "completion_ratio": {
      "auto": 1.823529411764706,
      "morph-v3-fast": 1.4999999999999998,
      "morph-v3-large": 2.111111111111111
    },
    "model_ratio": {
      "auto": 0.425,
      "morph-v3-fast": 0.4,
      "morph-v3-large": 0.45
    }
  },
  "message": "",
  "success": true
}