{
  "data": {
    "cache_ratio": {
      "chatgpt-4o-latest": 0.5,
      "claude-3-haiku-20240307": 0.12,
      "claude-3.5-haiku": 0.1,
      "claude-3.5-sonnet-v2": 0.10000000000000002,
      "claude-3.7-sonnet": 0.10000000000000002,
      "claude-4.5-haiku": 0.09999999999999999,
      "claude-4.5-opus": 0.10000000000000002,
      "claude-4.5-sonnet": 0.10000000000000002,
      "claude-haiku-4-5-20251001": 0.09999999999999999,
      "claude-opus-4": 0.1,
      "claude-opus-4-1": 0.1,
      "claude-opus-4-1-20250805": 0.1,
      "claude-sonnet-4": 0.10000000000000002,
      "claude-sonnet-4-5-20250929": 0.10000000000000002,
      "codex-mini-latest": 0.25,
      "deepseek-reasoner": 0.125,
      "deepseek-v3": 0.125,
      "deepseek-v3.1-terminus": 0.8,
      "gemini-2.5-flash": 0.25,
      "gemini-2.5-flash-lite": 0.25,
      "gemini-2.5-pro": 0.25,
      "gemini-3-pro-preview": 0.09999999999999999,
      "gpt-4.1": 0.25,
      "gpt-4.1-mini": 0.25,
      "gpt-4.1-mini-2025-04-14": 0.25,
      "gpt-4.1-nano": 0.25,
      "gpt-4o": 0.5,
      "gpt-4o-mini": 0.5,
      "gpt-5": 0.10000000000000002,
      "gpt-5-chat-latest": 0.10000000000000002,
      "gpt-5-codex": 0.10000000000000002,
      "gpt-5-mini": 0.09999999999999999,
      "gpt-5-nano": 0.1,
      "gpt-5.1": 0.10000000000000002,
      "gpt-5.1-chat-latest": 0.10000000000000002,
      "gpt-5.1-codex": 0.10000000000000002,
      "gpt-5.1-codex-mini": 0.09999999999999999,
      "grok-3": 0.25,
      "grok-3-mini": 0.25,
      "grok-4": 0.25,
      "grok-4-1-fast-non-reasoning": 0.25,
      "grok-4-1-fast-reasoning": 0.25,
      "grok-4-fast-non-reasoning": 0.25,
      "grok-4-fast-reasoning": 0.25,
      "grok-code-fast-1": 0.1,
      "kimi-k2-0905": 0.7999999999999999,
      "o1": 0.5,
      "o1-mini": 0.5,
      "o3": 0.25,
      "o3-mini": 0.5,
      "o4-mini": 0.25
    },
    "completion_ratio": {
      "chatgpt-4o-latest": 4,
      "claude-3-haiku-20240307": 5,
      "claude-3.5-haiku": 5,
      "claude-3.5-sonnet-v2": 5,
      "claude-3.7-sonnet": 5,
      "claude-4.5-haiku": 5,
      "claude-4.5-opus": 5,
      "claude-4.5-sonnet": 5,
      "claude-haiku-4-5-20251001": 5,
      "claude-opus-4": 5,
      "claude-opus-4-1": 5,
      "claude-opus-4-1-20250805": 5,
      "claude-sonnet-4": 5,
      "claude-sonnet-4-5-20250929": 5,
      "codex-mini-latest": 4,
      "deepseek-r1-distill-llama-70b": 4.333333333333334,
      "deepseek-reasoner": 2.9999999999999996,
      "deepseek-tng-r1t2-chimera": 4,
      "deepseek-v3": 2.9999999999999996,
      "deepseek-v3.1-terminus": 3.7037037037037033,
      "deepseek-v3.2": 1.5185185185185184,
      "ernie-4.5-21b-a3b-thinking": 4,
      "gemini-2.5-flash": 8.333333333333334,
      "gemini-2.5-flash-lite": 4,
      "gemini-2.5-pro": 8,
      "gemini-3-pro-preview": 6,
      "gemma-3-12b-it": 2,
      "gemma2-9b-it": 3,
      "glm-4.6": 3.3333333333333335,
      "gpt-4.1": 4,
      "gpt-4.1-mini": 4,
      "gpt-4.1-mini-2025-04-14": 4,
      "gpt-4.1-nano": 4,
      "gpt-4o": 4,
      "gpt-4o-mini": 4,
      "gpt-5": 8,
      "gpt-5-chat-latest": 8,
      "gpt-5-codex": 8,
      "gpt-5-mini": 8,
      "gpt-5-nano": 8,
      "gpt-5-pro": 8,
      "gpt-5.1": 8,
      "gpt-5.1-chat-latest": 8,
      "gpt-5.1-codex": 8,
      "gpt-5.1-codex-mini": 8,
      "gpt-oss-120b": 4,
      "gpt-oss-20b": 4,
      "grok-3": 5,
      "grok-3-mini": 1.6666666666666667,
      "grok-4": 5,
      "grok-4-1-fast-non-reasoning": 2.5,
      "grok-4-1-fast-reasoning": 2.5,
      "grok-4-fast-non-reasoning": 2.5,
      "grok-4-fast-reasoning": 2.5,
      "grok-code-fast-1": 7.500000000000001,
      "hermes-2-pro-llama-3-8b": 1,
      "kimi-k2-0711": 4.035087719298245,
      "kimi-k2-0905": 4,
      "kimi-k2-thinking": 4.166666666666667,
      "llama-3.1-8b-instant": 1.6,
      "llama-3.1-8b-instruct": 2.4999999999999996,
      "llama-3.1-8b-instruct-turbo": 1.5,
      "llama-3.3-70b-instruct": 3,
      "llama-3.3-70b-versatile": 1.3389830508474576,
      "llama-4-maverick": 4,
      "llama-4-scout": 3.75,
      "llama-guard-4": 1,
      "llama-prompt-guard-2-22m": 1,
      "llama-prompt-guard-2-86m": 1,
      "mistral-large-2411": 3,
      "mistral-nemo": 2,
      "mistral-small": 2.6666666666666665,
      "o1": 4,
      "o1-mini": 4,
      "o3": 4,
      "o3-mini": 4,
      "o3-pro": 4,
      "o4-mini": 4,
      "qwen2.5-coder-7b-fast": 3,
      "qwen3-235b-a22b-thinking": 9.666666666666668,
      "qwen3-30b-a3b": 3.6249999999999996,
      "qwen3-32b": 2.0344827586206895,
      "qwen3-coder": 4.318181818181818,
      "qwen3-coder-30b-a3b-instruct": 3,
      "qwen3-next-80b-a3b-instruct": 9.999999999999998,
      "qwen3-vl-235b-a22b-instruct": 5,
      "sonar": 1,
      "sonar-deep-research": 4,
      "sonar-pro": 5,
      "sonar-reasoning": 5,
      "sonar-reasoning-pro": 4
    },
    "model_price": {},
    "model_ratio": {
      "chatgpt-4o-latest": 2.5,
      "claude-3-haiku-20240307": 0.125,
      "claude-3.5-haiku": 0.39999999999999997,
      "claude-3.5-sonnet-v2": 1.5,
      "claude-3.7-sonnet": 1.5,
      "claude-4.5-haiku": 0.5,
      "claude-4.5-opus": 2.5,
      "claude-4.5-sonnet": 1.5,
      "claude-haiku-4-5-20251001": 0.5,
      "claude-opus-4": 7.5,
      "claude-opus-4-1": 7.5,
      "claude-opus-4-1-20250805": 7.5,
      "claude-sonnet-4": 1.5,
      "claude-sonnet-4-5-20250929": 1.5,
      "codex-mini-latest": 0.75,
      "deepseek-r1-distill-llama-70b": 0.015,
      "deepseek-reasoner": 0.28,
      "deepseek-tng-r1t2-chimera": 0.15,
      "deepseek-v3": 0.28,
      "deepseek-v3.1-terminus": 0.135,
      "deepseek-v3.2": 0.135,
      "ernie-4.5-21b-a3b-thinking": 0.035,
      "gemini-2.5-flash": 0.15,
      "gemini-2.5-flash-lite": 0.049999999999999996,
      "gemini-2.5-pro": 0.625,
      "gemini-3-pro-preview": 1,
      "gemma-3-12b-it": 0.024999999999999998,
      "gemma2-9b-it": 0.005,
      "glm-4.6": 0.22499999999999998,
      "gpt-4.1": 1,
      "gpt-4.1-mini": 0.19999999999999998,
      "gpt-4.1-mini-2025-04-14": 0.19999999999999998,
      "gpt-4.1-nano": 0.049999999999999996,
      "gpt-4o": 1.25,
      "gpt-4o-mini": 0.075,
      "gpt-5": 0.625,
      "gpt-5-chat-latest": 0.625,
      "gpt-5-codex": 0.625,
      "gpt-5-mini": 0.125,
      "gpt-5-nano": 0.024999999999999998,
      "gpt-5-pro": 7.5,
      "gpt-5.1": 0.625,
      "gpt-5.1-chat-latest": 0.625,
      "gpt-5.1-codex": 0.625,
      "gpt-5.1-codex-mini": 0.125,
      "gpt-oss-120b": 0.02,
      "gpt-oss-20b": 0.024999999999999998,
      "grok-3": 1.5,
      "grok-3-mini": 0.15,
      "grok-4": 1.5,
      "grok-4-1-fast-non-reasoning": 0.09999999999999999,
      "grok-4-1-fast-reasoning": 0.09999999999999999,
      "grok-4-fast-non-reasoning": 0.09999999999999999,
      "grok-4-fast-reasoning": 0.09999999999999999,
      "grok-code-fast-1": 0.09999999999999999,
      "hermes-2-pro-llama-3-8b": 0.07,
      "kimi-k2-0711": 0.28500000000000003,
      "kimi-k2-0905": 0.25,
      "kimi-k2-thinking": 0.24,
      "llama-3.1-8b-instant": 0.024999999999999998,
      "llama-3.1-8b-instruct": 0.01,
      "llama-3.1-8b-instruct-turbo": 0.01,
      "llama-3.3-70b-instruct": 0.065,
      "llama-3.3-70b-versatile": 0.295,
      "llama-4-maverick": 0.075,
      "llama-4-scout": 0.04,
      "llama-guard-4": 0.105,
      "llama-prompt-guard-2-22m": 0.005,
      "llama-prompt-guard-2-86m": 0.005,
      "mistral-large-2411": 1,
      "mistral-nemo": 10,
      "mistral-small": 37.5,
      "o1": 7.5,
      "o1-mini": 0.55,
      "o3": 1,
      "o3-mini": 0.55,
      "o3-pro": 10,
      "o4-mini": 0.55,
      "qwen2.5-coder-7b-fast": 0.015,
      "qwen3-235b-a22b-thinking": 0.15,
      "qwen3-30b-a3b": 0.04,
      "qwen3-32b": 0.145,
      "qwen3-coder": 0.11,
      "qwen3-coder-30b-a3b-instruct": 0.049999999999999996,
      "qwen3-next-80b-a3b-instruct": 0.07,
      "qwen3-vl-235b-a22b-instruct": 0.15,
      "sonar": 0.5,
      "sonar-deep-research": 1,
      "sonar-pro": 1.5,
      "sonar-reasoning": 0.5,