{
  "data": {
    "cache_ratio": {
      "MiniMaxAI/MiniMax-M2.5": 0.33333333333333337,
      "moonshotai/Kimi-K2.6": 0.30303030303030304,
      "moonshotai/Kimi-K2.6-Fast": 0.30303030303030304,
      "moonshotai/Kimi-K2.7-Code": 0.26666666666666666,
      "zai-org/GLM-5.1-FP8": 0.18571428571428572,
      "zai-org/GLM-5.2": 0.21666666666666667
    },
    "completion_ratio": {
      "MiniMaxAI/MiniMax-M2.5": 6,
      "moonshotai/Kimi-K2.6": 5.303030303030303,
      "moonshotai/Kimi-K2.6-Fast": 5.303030303030303,
      "moonshotai/Kimi-K2.7-Code": 4.666666666666667,
      "zai-org/GLM-5.1-FP8": 3.1428571428571432,
      "zai-org/GLM-5.2": 3.5000000000000004
    },
    "model_price": {},
    "model_ratio": {
      "MiniMaxAI/MiniMax-M2.5": 0.075,
      "moonshotai/Kimi-K2.6": 0.33,
      "moonshotai/Kimi-K2.6-Fast": 0.66,
      "moonshotai/Kimi-K2.7-Code": 0.375,
      "zai-org/GLM-5.1-FP8": 0.7,
      "zai-org/GLM-5.2": 0.6
    }
  },
  "message": "",
  "success": true
}