{
  "data": {
    "cache_ratio": {
      "MiniMaxAI/MiniMax-M2.5": 0.125,
      "moonshotai/Kimi-K2.6": 0.25641025641025644,
      "zai-org/GLM-5.1-FP8": 0.18571428571428572
    },
    "completion_ratio": {
      "MiniMaxAI/MiniMax-M2.5": 3.7500000000000004,
      "moonshotai/Kimi-K2.6": 4.487179487179487,
      "nvidia/llama-3.3-70b-instruct-fp8": 3.166666666666667,
      "zai-org/GLM-5.1-FP8": 3.1428571428571432
    },
    "model_price": {},
    "model_ratio": {
      "MiniMaxAI/MiniMax-M2.5": 0.12,
      "moonshotai/Kimi-K2.6": 0.39,
      "nvidia/llama-3.3-70b-instruct-fp8": 0.06,
      "zai-org/GLM-5.1-FP8": 0.7
    }
  },
  "message": "",
  "success": true
}