{
  "data": {
    "cache_ratio": {},
    "completion_ratio": {
      "claude-haiku-4-5-20251001": 5,
      "claude-opus-4-8": 5,
      "claude-sonnet-5": 5,
      "deepseek-v4-flash": 2,
      "deepseek-v4-pro": 2.000111123458162,
      "gemini-3.5-flash": 6,
      "glm-5.2": 3.1428035747765763,
      "gpt-5.2": 8,
      "gpt-5.4": 6,
      "gpt-5.5": 6,
      "kimi-k2.6": 4.2104930966469425,
      "minimax-m2.7": 4
    },
    "model_price": {},
    "model_ratio": {
      "claude-haiku-4-5-20251001": 0.6,
      "claude-opus-4-8": 0.2125,
      "claude-sonnet-5": 0.72,
      "deepseek-v4-flash": 0.03125,
      "deepseek-v4-pro": 0.44995,
      "gemini-3.5-flash": 0.09285,
      "glm-5.2": 0.80005,
      "gpt-5.2": 0.525,
      "gpt-5.4": 0.9,
      "gpt-5.5": 0.09375,
      "kimi-k2.6": 0.63375,
      "minimax-m2.7": 0.4095
    }
  },
  "message": "",
  "success": true
}