{
  "data": {
    "cache_ratio": {
      "umans-coder": 0.2105263157894737,
      "umans-flash": 0.33333333333333337,
      "umans-glm-5.1": 0.20714285714285713,
      "umans-kimi-k2.6": 0.2105263157894737,
      "umans-kimi-k2.7": 0.2
    },
    "completion_ratio": {
      "umans-coder": 4.2105263157894735,
      "umans-flash": 6.666666666666667,
      "umans-glm-5.1": 3.1428571428571432,
      "umans-kimi-k2.6": 4.2105263157894735,
      "umans-kimi-k2.7": 4.2105263157894735
    },
    "model_price": {},
    "model_ratio": {
      "umans-coder": 0.475,
      "umans-flash": 0.075,
      "umans-glm-5.1": 0.7,
      "umans-kimi-k2.6": 0.475,
      "umans-kimi-k2.7": 0.475
    }
  },
  "message": "",
  "success": true
}