{
  "data": {
    "cache_ratio": {
      "deepseek-v3.2": 0.21428571428571425,
      "deepseek-v4-flash": 0.16666666666666669,
      "deepseek-v4-pro": 0.0075,
      "deepseek-v4-pro-precision": 0.08,
      "gemma-4-31b-it": 0.19999999999999998,
      "glm-4.7": 0.2,
      "glm-4.7-flash": 0.2,
      "glm-5": 0.20833333333333334,
      "glm-5.1": 0.19999999999999998,
      "glm-5.1-precision": 0.19999999999999998,
      "greg": 0.19999999999999998,
      "kimi-k2.5": 0.20000000000000004,
      "kimi-k2.5-lightning": 0.2,
      "kimi-k2.6": 0.2,
      "kimi-k2.6-precision": 0.19999999999999998,
      "mimo-v2.5-pro": 0.2,
      "mimo-v2.5-pro-precision": 0.19999999999999998,
      "minimax-m2.5": 0.18181818181818182,
      "qwen3.5-397b-a17b": 0.20000000000000004,
      "qwen3.5-9b": 0.2,
      "qwen3.6-27b": 0.19999999999999998
    },
    "completion_ratio": {
      "deepseek-v3.2": 1.357142857142857,
      "deepseek-v4-flash": 1.75,
      "deepseek-v4-pro": 2.125,
      "deepseek-v4-pro-precision": 2,
      "gemma-4-31b-it": 2.9999999999999996,
      "glm-4.7": 4.4,
      "glm-4.7-flash": 7.5,
      "glm-5": 3.9583333333333335,
      "glm-5.1": 4.666666666666667,
      "glm-5.1-precision": 3.8666666666666667,
      "greg": 2,
      "kimi-k2.5": 4.857142857142858,
      "kimi-k2.5-lightning": 3,
      "kimi-k2.6": 3.98,
      "kimi-k2.6-precision": 4.909090909090909,
      "mimo-v2.5-pro": 3,
      "mimo-v2.5-pro-precision": 3.125,
      "minimax-m2.5": 8.636363636363637,
      "qwen3.5-397b-a17b": 5,
      "qwen3.5-9b": 3.75,
      "qwen3.6-27b": 7.5
    },
    "model_price": {},
    "model_ratio": {
      "deepseek-v3.2": 0.14,
      "deepseek-v4-flash": 0.06,
      "deepseek-v4-pro": 0.2,
      "deepseek-v4-pro-precision": 0.625,
      "gemma-4-31b-it": 0.05,
      "glm-4.7": 0.125,
      "glm-4.7-flash": 0.02,
      "glm-5": 0.24,
      "glm-5.1": 0.225,
      "glm-5.1-precision": 0.375,
      "greg": 0.05,
      "kimi-k2.5": 0.175,
      "kimi-k2.5-lightning": 0.5,
      "kimi-k2.6": 0.25,
      "kimi-k2.6-precision": 0.275,
      "mimo-v2.5-pro": 0.25,
      "mimo-v2.5-pro-precision": 0.4,
      "minimax-m2.5": 0.055,
      "qwen3.5-397b-a17b": 0.175,
      "qwen3.5-9b": 0.02,
      "qwen3.6-27b": 0.1
    }
  },
  "message": "",
  "success": true
}