{
  "data": {
    "cache_ratio": {
      "deepseek-v3.2": 0.22222222222222224,
      "deepseek-v4-flash": 0.025,
      "deepseek-v4-pro": 0.008571428571428572,
      "deepseek-v4-pro-lightning": 0.024999999999999998,
      "gemma-4-31b-it": 0.19999999999999998,
      "glm-4.7": 0.2,
      "glm-4.7-flash": 0.2,
      "glm-5": 0.20833333333333334,
      "glm-5.1": 0.17777777777777778,
      "greg-1": 0.19999999999999998,
      "greg-1-mini": 0.14285714285714285,
      "greg-1-super": 0.2,
      "greg-rp": 0.19999999999999998,
      "kimi-k2.5": 0.20000000000000004,
      "kimi-k2.5-lightning": 0.2,
      "kimi-k2.6": 0.1,
      "mimo-v2.5-pro": 0.0075,
      "minimax-m2.5": 0.18181818181818182,
      "qwen3.5-397b-a17b": 0.20000000000000004,
      "qwen3.5-9b": 0.2,
      "qwen3.6-27b": 0.19999999999999998
    },
    "completion_ratio": {
      "deepseek-v3.2": 1.9444444444444444,
      "deepseek-v4-flash": 1.75,
      "deepseek-v4-pro": 2.285714285714286,
      "deepseek-v4-pro-lightning": 2,
      "gemma-4-31b-it": 2.9999999999999996,
      "glm-4.7": 4.4,
      "glm-4.7-flash": 7.5,
      "glm-5": 3.9583333333333335,
      "glm-5.1": 4.777777777777778,
      "greg-1": 2.9999999999999996,
      "greg-1-mini": 2.142857142857143,
      "greg-1-super": 5,
      "greg-rp": 2.9999999999999996,
      "kimi-k2.5": 4.857142857142858,
      "kimi-k2.5-lightning": 3,
      "kimi-k2.6": 3.98,
      "mimo-v2.5-pro": 2,
      "minimax-m2.5": 8.636363636363637,
      "qwen3.5-397b-a17b": 5,
      "qwen3.5-9b": 3.75,
      "qwen3.6-27b": 7.5
    },
    "model_price": {},
    "model_ratio": {
      "deepseek-v3.2": 0.09,
      "deepseek-v4-flash": 0.06,
      "deepseek-v4-pro": 0.175,
      "deepseek-v4-pro-lightning": 0.4,
      "gemma-4-31b-it": 0.05,
      "glm-4.7": 0.125,
      "glm-4.7-flash": 0.02,
      "glm-5": 0.24,
      "glm-5.1": 0.225,
      "greg-1": 0.05,
      "greg-1-mini": 0.035,
      "greg-1-super": 0.5,
      "greg-rp": 0.05,
      "kimi-k2.5": 0.175,
      "kimi-k2.5-lightning": 0.5,
      "kimi-k2.6": 0.25,
      "mimo-v2.5-pro": 0.2,
      "minimax-m2.5": 0.055,
      "qwen3.5-397b-a17b": 0.175,
      "qwen3.5-9b": 0.02,
      "qwen3.6-27b": 0.1
    }
  },
  "message": "",
  "success": true
}