{
  "data": {
    "cache_ratio": {
      "claude-3-opus": 0.1,
      "claude-fable-5": 0.1,
      "claude-haiku-4-5": 0.1,
      "claude-haiku-4-5-20251001": 0.1,
      "claude-opus-4-1-20250805": 0.1,
      "claude-opus-4-5-20251101": 0.1,
      "claude-opus-4-6": 0.1,
      "claude-opus-4-7": 0.1,
      "claude-opus-4-8": 0.1,
      "claude-sonnet-4-5": 0.09999999999999999,
      "claude-sonnet-4-5-20250929": 0.09999999999999999,
      "claude-sonnet-4-6": 0.09999999999999999,
      "claude-sonnet-5": 0.1,
      "deepseek-v3.1": 0.19999999999999998,
      "deepseek-v3.2": 0.5,
      "deepseek-v4-flash": 0.019999999999999997,
      "deepseek-v4-pro": 0.008333333333333333,
      "fugu-ultra": 0.1,
      "gemini-2.5-flash": 0.1,
      "gemini-2.5-flash-lite": 0.09999999999999999,
      "gemini-2.5-flash-lite-preview-09-2025": 0.09999999999999999,
      "gemini-2.5-pro": 0.1,
      "gemini-3-flash-preview": 0.1,
      "gemini-3.1-flash-lite": 0.1,
      "gemini-3.1-pro-preview": 0.1,
      "gemini-3.5-flash": 0.09999999999999999,
      "gemini-pro-latest": 0.1,
      "glm-4.5": 0.18333333333333335,
      "glm-4.5-air": 0.19230769230769232,
      "glm-4.5-airx": 0.19999999999999998,
      "glm-4.5-x": 0.20454545454545453,
      "glm-4.5v": 0.18333333333333335,
      "glm-4.6": 0.2552204176334107,
      "glm-4.6v": 0.16666666666666669,
      "glm-4.6v-flashx": 0.1,
      "glm-4.7": 0.5,
      "glm-4.7-flash": 0.16666666666666669,
      "glm-4.7-flashx": 0.14285714285714285,
      "glm-5": 0.19999999999999998,
      "glm-5.1": 0.18582169709989257,
      "glm-5.2": 0.18571428571428572,
      "gpt-4.1": 0.25,
      "gpt-4.1-mini": 0.25,
      "gpt-4.1-nano": 0.25,
      "gpt-4o": 0.5,
      "gpt-4o-mini": 0.5,
      "gpt-5": 0.1,
      "gpt-5-chat-latest": 0.1,
      "gpt-5-mini": 0.1,
      "gpt-5-nano": 0.09999999999999999,
      "gpt-5.1": 0.1,
      "gpt-5.1-codex": 0.1,
      "gpt-5.1-codex-mini": 0.1,
      "gpt-5.2": 0.09999999999999999,
      "gpt-5.2-chat-latest": 0.09999999999999999,
      "gpt-5.2-codex": 0.09999999999999999,
      "gpt-5.3-chat-latest": 0.09999999999999999,
      "gpt-5.3-codex": 0.09999999999999999,
      "gpt-5.4": 0.1,
      "gpt-5.4-mini": 0.09999999999999999,
      "gpt-5.4-nano": 0.09999999999999999,
      "gpt-5.5": 0.1,
      "grok-4": 0.25,
      "grok-4-1-fast-non-reasoning": 0.25,
      "grok-4-1-fast-reasoning": 0.25,
      "grok-4-20-beta-0309-non-reasoning": 0.1,
      "grok-4-20-beta-0309-reasoning": 0.1,
      "grok-4-20-non-reasoning": 0.16,
      "grok-4-20-reasoning": 0.16,
      "grok-4-3": 0.25,
      "grok-build-0-1": 0.2,
      "kimi-k2": 0.8710801393728224,
      "kimi-k2-thinking": 0.2613240418118467,
      "kimi-k2.5": 0.5555555555555556,
      "kimi-k2.6": 0.19999999999999998,
      "kimi-k2.7-code": 0.2,
      "kimi-k2.7-code-highspeed": 0.2,
      "mimo-v2-omni": 0.19999999999999998,
      "mimo-v2-pro": 0.2,
      "mimo-v2.5": 0.019999999999999997,
      "mimo-v2.5-pro": 0.008275862068965517,
      "minimax-m2": 0.15,
      "minimax-m2.5": 0.1,
      "minimax-m2.5-highspeed": 0.05,
      "minimax-m2.7": 0.2,
      "minimax-m2.7-highspeed": 0.1,
      "minimax-m3": 0.2,
      "nemotron-3-ultra-550b": 0.3,
      "o1": 0.5,
      "o3": 0.25,
      "o3-mini": 0.5,
      "o4-mini": 0.25,
      "qwen-flash": 0.19999999999999998,
      "qwen-plus": 0.19999999999999998,
      "qwen-plus-latest": 0.19999999999999998,
      "qwen3-coder-flash": 0.2,
      "qwen3-coder-next": 0.5555555555555556,
      "qwen3-coder-plus": 0.19999999999999998,
      "qwen3-max": 0.7100591715976331,
      "qwen3-max-2026-01-23": 0.2,
      "qwen3-vl-flash": 0.19999999999999998,
      "qwen3-vl-plus": 0.19999999999999998,
      "qwen3.6-max-preview": 0.1,
      "qwen3.6-plus": 0.1,
      "qwen3.7-max": 0.1,
      "qwen3.7-plus": 0.19999999999999998,
      "seed-1-6-250615": 0.2,
      "seed-1-6-250915": 0.2,
      "seed-1-6-flash-250715": 0.21428571428571425,
      "seed-1-8-251228": 0.2
    },
    "completion_ratio": {
      "claude-3-opus": 5,
      "claude-fable-5": 5,
      "claude-haiku-4-5": 5,
      "claude-haiku-4-5-20251001": 5,
      "claude-opus-4-1-20250805": 5,
      "claude-opus-4-5-20251101": 5,
      "claude-opus-4-6": 5,
      "claude-opus-4-7": 5,
      "claude-opus-4-8": 5,
      "claude-sonnet-4-5": 5,
      "claude-sonnet-4-5-20250929": 5,
      "claude-sonnet-4-6": 5,
      "claude-sonnet-5": 5,
      "codestral-2508": 3,
      "deepseek-v3.1": 2.9999999999999996,
      "deepseek-v3.2": 1.4615384615384615,
      "deepseek-v4-flash": 2,
      "deepseek-v4-pro": 2,
      "devstral-2512": 5,
      "devstral-small-2507": 2.9999999999999996,
      "fugu-ultra": 6,
      "gemini-2.5-flash": 8.333333333333334,
      "gemini-2.5-flash-lite": 4,
      "gemini-2.5-flash-lite-preview-09-2025": 4,
      "gemini-2.5-pro": 8,
      "gemini-3-flash-preview": 6,
      "gemini-3.1-flash-lite": 6,
      "gemini-3.1-pro-preview": 6,
      "gemini-3.5-flash": 6,
      "gemini-pro-latest": 6,
      "gemma-4-26b-a4b-it": 4.857142857142857,
      "gemma-4-31b-it": 2.923076923076923,
      "glm-4-32b-0414-128k": 1,
      "glm-4.5": 3.666666666666667,
      "glm-4.5-air": 6.538461538461538,
      "glm-4.5-airx": 4.090909090909091,
      "glm-4.5-x": 4.045454545454545,
      "glm-4.5v": 3,
      "glm-4.6": 4.65661252900232,
      "glm-4.6v": 3,
      "glm-4.6v-flashx": 10,
      "glm-4.7": 5.2105263157894735,
      "glm-4.7-flash": 6.666666666666667,
      "glm-4.7-flashx": 5.714285714285714,
      "glm-5": 3.194444444444444,
      "glm-5.1": 3.147153598281418,
      "glm-5.2": 3.142857142857143,
      "gpt-3.5-turbo": 3,
      "gpt-4": 2,
      "gpt-4-turbo": 3,
      "gpt-4.1": 4,
      "gpt-4.1-mini": 4,
      "gpt-4.1-nano": 4,
      "gpt-4o": 4,
      "gpt-4o-mini": 4,
      "gpt-4o-mini-search-preview": 4,
      "gpt-4o-search-preview": 4,
      "gpt-5": 8,
      "gpt-5-chat-latest": 8,
      "gpt-5-mini": 8,
      "gpt-5-nano": 8,
      "gpt-5-pro": 8,
      "gpt-5.1": 8,
      "gpt-5.1-codex": 8,
      "gpt-5.1-codex-mini": 8,
      "gpt-5.2": 8,
      "gpt-5.2-chat-latest": 8,
      "gpt-5.2-codex": 8,
      "gpt-5.2-pro": 8,
      "gpt-5.3-chat-latest": 8,
      "gpt-5.3-codex": 8,
      "gpt-5.4": 6,
      "gpt-5.4-mini": 6,
      "gpt-5.4-nano": 6.25,
      "gpt-5.4-pro": 6,
      "gpt-5.5": 6,
      "gpt-5.5-pro": 6,
      "gpt-oss-120b": 5,
      "gpt-oss-20b": 3.75,
      "grok-4": 5,
      "grok-4-1-fast-non-reasoning": 2.5,
      "grok-4-1-fast-reasoning": 2.5,
      "grok-4-20-beta-0309-non-reasoning": 3,
      "grok-4-20-beta-0309-reasoning": 3,
      "grok-4-20-non-reasoning": 2,
      "grok-4-20-reasoning": 2,
      "grok-4-3": 2,
      "grok-build-0-1": 2,
      "kimi-k2": 3.996515679442509,
      "kimi-k2-thinking": 3.996515679442509,
      "kimi-k2.5": 4.888888888888888,
      "kimi-k2.6": 5.5,
      "kimi-k2.7-code": 4.2105263157894735,
      "kimi-k2.7-code-highspeed": 4.2105263157894735,
      "llama-3-70b-instruct": 1.4509803921568627,
      "llama-3-8b-instruct": 1,
      "llama-3.1-70b-instruct": 1,
      "llama-3.1-nemotron-ultra-253b": 3,
      "llama-3.2-11b-instruct": 4.714285714285714,
      "llama-3.2-3b-instruct": 1.6666666666666667,
      "llama-3.3-70b-instruct": 3.076923076923077,
      "llama-4-maverick-17b-instruct": 3.148148148148148,
      "llama-4-scout-17b-instruct": 3.2777777777777777,
      "mimo-v2-omni": 5,
      "mimo-v2-pro": 3,
      "mimo-v2.5": 2,
      "mimo-v2.5-pro": 2,
      "minimax-m2": 5,
      "minimax-m2.1": 4.074074074074074,
      "minimax-m2.1-lightning": 4,
      "minimax-m2.5": 4,
      "minimax-m2.5-highspeed": 4,
      "minimax-m2.7": 4,
      "minimax-m2.7-highspeed": 4,
      "minimax-m3": 4,
      "minimax-text-01": 5.5,
      "ministral-14b-2512": 1,
      "ministral-3b-2512": 1,
      "ministral-8b-2512": 1,
      "mistral-large-2512": 3,
      "mistral-large-latest": 3,
      "mistral-small-2506": 2.9999999999999996,
      "nemotron-3-ultra-550b": 5,