{
  "data": {
    "cache_ratio": {
      "claude-3-5-haiku": 0.09999999999999999,
      "claude-3-5-sonnet-20241022": 0.09999999999999999,
      "claude-3-7-sonnet": 0.09999999999999999,
      "claude-3-7-sonnet-20250219": 0.09999999999999999,
      "claude-3-opus": 0.1,
      "claude-haiku-4-5": 0.1,
      "claude-haiku-4-5-20251001": 0.1,
      "claude-opus-4-1-20250805": 0.1,
      "claude-opus-4-20250514": 0.1,
      "claude-opus-4-5-20251101": 0.1,
      "claude-opus-4-6": 0.1,
      "claude-opus-4-7": 0.1,
      "claude-sonnet-4-20250514": 0.09999999999999999,
      "claude-sonnet-4-5": 0.09999999999999999,
      "claude-sonnet-4-5-20250929": 0.09999999999999999,
      "claude-sonnet-4-6": 0.09999999999999999,
      "deepseek-v3.1": 0.19642857142857142,
      "deepseek-v3.2": 0.10714285714285712,
      "gemini-2.0-flash": 0.25,
      "gemini-2.5-flash": 0.075,
      "gemini-2.5-flash-lite": 0.25,
      "gemini-2.5-flash-lite-preview-09-2025": 0.25,
      "gemini-2.5-pro": 0.248,
      "gemini-3-flash-preview": 0.1,
      "gemini-3.1-flash-lite-preview": 0.1,
      "gemini-3.1-pro-preview": 0.1,
      "gemini-pro-latest": 0.1,
      "glm-4.5": 0.18333333333333335,
      "glm-4.5-air": 0.15,
      "glm-4.5-airx": 0.19999999999999998,
      "glm-4.5-x": 0.20454545454545453,
      "glm-4.6": 0.18333333333333335,
      "glm-4.7": 0.18333333333333335,
      "glm-4.7-flashx": 0.14285714285714285,
      "glm-5": 0.2,
      "glm-5.1": 0.21666666666666667,
      "gpt-3.5-turbo": 2.5,
      "gpt-4.1": 0.25,
      "gpt-4.1-mini": 0.25,
      "gpt-4.1-nano": 0.3,
      "gpt-4o": 0.5,
      "gpt-4o-mini": 0.5333333333333333,
      "gpt-5": 0.1,
      "gpt-5-mini": 0.1,
      "gpt-5-nano": 0.09999999999999999,
      "gpt-5.1": 0.10400000000000001,
      "gpt-5.1-codex": 0.1,
      "gpt-5.1-codex-mini": 0.1,
      "gpt-5.2": 0.09999999999999999,
      "gpt-5.2-chat-latest": 0.09999999999999999,
      "gpt-5.2-codex": 0.09999999999999999,
      "gpt-5.3-chat-latest": 0.09999999999999999,
      "gpt-5.3-codex": 0.09999999999999999,
      "gpt-5.4": 0.1,
      "gpt-5.4-mini": 0.09999999999999999,
      "gpt-5.4-nano": 0.09999999999999999,
      "grok-3": 0.25,
      "grok-4": 0.25,
      "grok-4-1-fast": 0.25,
      "grok-4-1-fast-non-reasoning": 0.25,
      "grok-4-1-fast-reasoning": 0.25,
      "grok-4-20-beta-0309-non-reasoning": 0.1,
      "grok-4-20-beta-0309-reasoning": 0.1,
      "grok-4-fast": 0.25,
      "grok-4-fast-non-reasoning": 0.25,
      "grok-4-fast-reasoning": 0.25,
      "grok-code-fast-1": 0.09999999999999999,
      "kimi-k2": 0.5,
      "kimi-k2-thinking": 0.25,
      "kimi-k2-thinking-turbo": 0.13043478260869565,
      "kimi-k2.5": 0.16666666666666669,
      "mimo-v2-flash": 0.09999999999999999,
      "minimax-m2.5": 0.1,
      "minimax-m2.5-highspeed": 0.1,
      "minimax-m2.7": 0.2,
      "minimax-m2.7-highspeed": 0.1,
      "o1": 0.5,
      "o3": 0.25,
      "o3-mini": 0.5,
      "o4-mini": 0.2545454545454546,
      "qwen3-max-2026-01-23": 0.19999999999999998,
      "qwen3-vl-flash": 0.19999999999999998,
      "seed-1-6-250615": 0.2,
      "seed-1-6-250915": 0.2,
      "seed-1-6-flash-250715": 0.14285714285714285,
      "seed-1-8-251228": 0.2
    },
    "completion_ratio": {
      "claude-3-5-haiku": 5,
      "claude-3-5-sonnet-20241022": 5,
      "claude-3-7-sonnet": 5,
      "claude-3-7-sonnet-20250219": 5,
      "claude-3-opus": 5,
      "claude-haiku-4-5": 5,
      "claude-haiku-4-5-20251001": 5,
      "claude-opus-4-1-20250805": 5,
      "claude-opus-4-20250514": 5,
      "claude-opus-4-5-20251101": 5,
      "claude-opus-4-6": 5,
      "claude-opus-4-7": 5,
      "claude-sonnet-4-20250514": 5,
      "claude-sonnet-4-5": 5,
      "claude-sonnet-4-5-20250929": 5,
      "claude-sonnet-4-6": 5,
      "codestral-2508": 3,
      "deepseek-r1-0528": 2.9999999999999996,
      "deepseek-v3.1": 2.9999999999999996,
      "deepseek-v3.2": 1.4999999999999998,
      "devstral-2512": 5,
      "devstral-small-2507": 2.9999999999999996,
      "gemini-2.0-flash": 4,
      "gemini-2.0-flash-lite": 4,
      "gemini-2.5-flash": 2.5,
      "gemini-2.5-flash-lite": 4,
      "gemini-2.5-flash-lite-preview-09-2025": 4,
      "gemini-2.5-pro": 8,
      "gemini-3-flash-preview": 6,
      "gemini-3.1-flash-lite-preview": 6,
      "gemini-3.1-pro-preview": 6,
      "gemini-pro-latest": 6,
      "gemma-2-27b-it-together": 1,
      "gemma-3-1b-it": 3.75,
      "gemma-3-27b": 1,
      "glm-4-32b-0414-128k": 1,
      "glm-4.5": 3.666666666666667,
      "glm-4.5-air": 5.5,
      "glm-4.5-airx": 4.090909090909091,
      "glm-4.5-x": 4.045454545454545,
      "glm-4.5v": 3,
      "glm-4.6": 3.666666666666667,
      "glm-4.6v": 3,
      "glm-4.6v-flashx": 10,
      "glm-4.7": 3.666666666666667,
      "glm-4.7-flashx": 5.714285714285714,
      "glm-5": 3.2,
      "glm-5.1": 4,
      "gpt-3.5-turbo": 3,
      "gpt-4": 2,
      "gpt-4-turbo": 3,
      "gpt-4.1": 4,
      "gpt-4.1-mini": 4,
      "gpt-4.1-nano": 4,
      "gpt-4o": 4,
      "gpt-4o-mini": 4,
      "gpt-4o-mini-search-preview": 4,
      "gpt-4o-search-preview": 4,
      "gpt-5": 8,
      "gpt-5-chat-latest": 8,
      "gpt-5-mini": 8,
      "gpt-5-nano": 8,
      "gpt-5-pro": 8,
      "gpt-5.1": 8,
      "gpt-5.1-codex": 8,
      "gpt-5.1-codex-mini": 8,
      "gpt-5.2": 8,
      "gpt-5.2-chat-latest": 8,
      "gpt-5.2-codex": 8,
      "gpt-5.2-pro": 8,
      "gpt-5.3-chat-latest": 8,
      "gpt-5.3-codex": 8,
      "gpt-5.4": 6,
      "gpt-5.4-mini": 6,
      "gpt-5.4-nano": 6.25,
      "gpt-5.4-pro": 6,
      "gpt-oss-120b": 5,
      "gpt-oss-20b": 5,
      "grok-3": 5,
      "grok-4": 5,
      "grok-4-0709": 5,
      "grok-4-1-fast": 2.5,
      "grok-4-1-fast-non-reasoning": 2.5,
      "grok-4-1-fast-reasoning": 2.5,
      "grok-4-20-beta-0309-non-reasoning": 3,
      "grok-4-20-beta-0309-reasoning": 3,
      "grok-4-fast": 2.5,
      "grok-4-fast-non-reasoning": 2.5,
      "grok-4-fast-reasoning": 2.5,
      "grok-code-fast-1": 7.5,
      "hermes-2-pro-llama-3-8b": 1,
      "kimi-k2": 3,
      "kimi-k2-thinking": 4.166666666666667,
      "kimi-k2-thinking-turbo": 6.9565217391304355,
      "kimi-k2.5": 5,
      "llama-3-70b-instruct": 1.4509803921568627,
      "llama-3-8b-instruct": 1,
      "llama-3.1-70b-instruct": 1,
      "llama-3.1-8b-instruct": 1,
      "llama-3.1-nemotron-ultra-253b": 3,
      "llama-3.2-11b-instruct": 4.714285714285714,
      "llama-3.2-3b-instruct": 1.6666666666666667,
      "llama-4-maverick-17b-instruct": 4.041666666666667,
      "llama-4-scout": 3.2777777777777777,
      "llama-4-scout-17b-instruct": 3.8823529411764706,
      "mimo-v2-flash": 2.9999999999999996,
      "minimax-m2": 4,
      "minimax-m2.1": 4,
      "minimax-m2.1-lightning": 4,
      "minimax-m2.5": 4,
      "minimax-m2.5-highspeed": 4,
      "minimax-m2.7": 4,
      "minimax-m2.7-highspeed": 4,
      "minimax-text-01": 5.5,
      "ministral-14b-2512": 1,
      "ministral-3b-2512": 1,
      "ministral-8b-2512": 1,
      "mistral-large-2512": 3,
      "mistral-large-latest": 3,
      "mistral-small-2506": 2.9999999999999996,
      "o1": 4,
      "o3": 4,
      "o3-mini": 4,
      "o4-mini": 4,
      "pixtral-large-latest": 3,
      "qwen-coder-plus": 2,
      "qwen-flash": 8,
      "qwen-max": 4,
      "qwen-max-latest": 4,
      "qwen-omni-turbo": 2.0022522522522523,
      "qwen-plus": 2.9999999999999996,
      "qwen-plus-latest": 3,
      "qwen-turbo": 4,
      "qwen-vl-max": 4,
      "qwen-vl-plus": 3,
      "qwen2-5-vl-32b-instruct": 1,
      "qwen2-5-vl-72b-instruct": 3.0000000000000004,
      "qwen25-coder-7b": 1,
      "qwen3-235b-a22b-fp8": 5,
      "qwen3-235b-a22b-instruct-2507": 2.9999999999999996,
      "qwen3-235b-a22b-thinking-2507": 2.9999999999999996,
      "qwen3-30b-a3b-fp8": 1,
      "qwen3-30b-a3b-instruct-2507": 1,
      "qwen3-30b-a3b-thinking-2507": 1,
      "qwen3-32b": 4,
      "qwen3-32b-fp8": 1,
      "qwen3-4b-fp8": 1.6666666666666667,
      "qwen3-coder-30b-a3b-instruct": 5,