{
  "data": {
    "cache_ratio": {
      "aion-labs-aion-2-0": 0.25,
      "aion-labs-aion-3-0": 0.25,
      "aion-labs-aion-3-0-mini": 0.2571428571428572,
      "claude-fable-5": 0.09999999999999999,
      "claude-opus-4-5": 0.09999999999999999,
      "claude-opus-4-6": 0.09999999999999999,
      "claude-opus-4-7": 0.09999999999999999,
      "claude-opus-4-7-fast": 0.1,
      "claude-opus-4-8": 0.09999999999999999,
      "claude-opus-4-8-fast": 0.09999999999999999,
      "claude-sonnet-4-5": 0.1,
      "claude-sonnet-4-6": 0.09999999999999999,
      "claude-sonnet-5": 0.09999999999999999,
      "deepseek-v3.2": 0.48484848484848486,
      "deepseek-v4-flash": 0.20289855072463767,
      "deepseek-v4-pro": 0.2,
      "gemini-3-1-pro-preview": 0.2,
      "gemini-3-5-flash": 0.09999999999999999,
      "gemini-3-flash-preview": 0.10000000000000002,
      "google-gemma-4-26b-a4b-it": 0.38461538461538464,
      "google-gemma-4-31b-it": 0.75,
      "grok-4-20": 0.1619718309859155,
      "grok-4-20-multi-agent": 0.1619718309859155,
      "grok-4-3": 0.1619718309859155,
      "grok-4-5": 0.25110132158590304,
      "grok-build-0-1": 0.2,
      "kimi-k2-5": 0.39285714285714285,
      "kimi-k2-6": 0.21333333333333335,
      "kimi-k2-7-code": 0.21333333333333335,
      "mercury-2": 0.1,
      "minimax-m25": 0.1111111111111111,
      "minimax-m27": 0.18333333333333335,
      "minimax-m3-preview": 0.2,
      "nvidia-nemotron-3-ultra-550b-a55b": 0.3,
      "olafangensan-glm-4.7-flash-heretic": 0.5,
      "openai-gpt-4o-mini-2024-07-18": 0.5,
      "openai-gpt-52": 0.1,
      "openai-gpt-52-codex": 0.1,
      "openai-gpt-53-codex": 0.1,
      "openai-gpt-54": 0.1,
      "openai-gpt-54-mini": 0.1,
      "openai-gpt-55": 0.1,
      "qwen-3-6-plus": 0.1,
      "qwen-3-7-max": 0.1,
      "qwen-3-7-plus": 0.1,
      "qwen3-5-35b-a3b": 0.5,
      "qwen3-coder-480b-a35b-instruct-turbo": 0.1142857142857143,
      "qwen3-vl-235b-a22b": 0.4761904761904762,
      "xiaomi-mimo-v2-5": 0.35714285714285715,
      "z-ai-glm-5-turbo": 0.2,
      "z-ai-glm-5v-turbo": 0.19999999999999998,
      "zai-org-glm-4.6": 0.18604651162790697,
      "zai-org-glm-4.7": 0.19999999999999998,
      "zai-org-glm-5": 0.2,
      "zai-org-glm-5-1": 0.1857142857142857,
      "zai-org-glm-5-2": 0.18571428571428572
    },
    "completion_ratio": {
      "aion-labs-aion-2-0": 2,
      "aion-labs-aion-3-0": 2,
      "aion-labs-aion-3-0-mini": 2,
      "claude-fable-5": 5,
      "claude-opus-4-5": 5,
      "claude-opus-4-6": 5,
      "claude-opus-4-7": 5,
      "claude-opus-4-7-fast": 5,
      "claude-opus-4-8": 5,
      "claude-opus-4-8-fast": 5,
      "claude-sonnet-4-5": 5,
      "claude-sonnet-4-6": 5,
      "claude-sonnet-5": 5,
      "deepseek-v3.2": 1.4545454545454544,
      "deepseek-v4-flash": 1.9927536231884058,
      "deepseek-v4-pro": 2.000606060606061,
      "gemini-3-1-pro-preview": 6,
      "gemini-3-5-flash": 6.096774193548386,
      "gemini-3-flash-preview": 5.357142857142858,
      "gemma-4-uncensored": 3.0769230769230766,
      "google-gemma-3-27b-it": 1.6666666666666667,
      "google-gemma-4-26b-a4b-it": 3.076923076923077,
      "google-gemma-4-31b-it": 3,
      "grok-4-20": 1.9929577464788735,
      "grok-4-20-multi-agent": 1.9929577464788735,
      "grok-4-3": 1.9929577464788735,
      "grok-4-5": 2.9955947136563874,
      "grok-build-0-1": 2,
      "hermes-3-llama-3.1-405b": 2.727272727272727,
      "kimi-k2-5": 6.249999999999999,
      "kimi-k2-6": 4.666666666666667,
      "kimi-k2-7-code": 4.666666666666667,
      "llama-3.2-3b": 4,
      "llama-3.3-70b": 4,
      "mercury-2": 3,
      "minimax-m25": 3.518518518518518,
      "minimax-m27": 4,
      "minimax-m3-preview": 4,
      "mistral-small-2603": 4,
      "mistral-small-3-2-24b-instruct": 2.6666666666666665,
      "nvidia-nemotron-3-nano-30b-a3b": 4,
      "nvidia-nemotron-3-ultra-550b-a55b": 5,
      "nvidia-nemotron-cascade-2-30b-a3b": 5.714285714285714,
      "olafangensan-glm-4.7-flash-heretic": 5.714285714285714,
      "openai-gpt-4o-2024-11-20": 4,
      "openai-gpt-4o-mini-2024-07-18": 4,
      "openai-gpt-52": 7.990867579908676,
      "openai-gpt-52-codex": 7.990867579908676,
      "openai-gpt-53-codex": 7.990867579908676,
      "openai-gpt-54": 6.006389776357828,
      "openai-gpt-54-mini": 6,
      "openai-gpt-54-pro": 6,
      "openai-gpt-55": 6,
      "openai-gpt-55-pro": 6,
      "openai-gpt-oss-120b": 4.285714285714286,
      "qwen-3-6-plus": 6,
      "qwen-3-7-max": 2.9814814814814814,
      "qwen-3-7-plus": 4,
      "qwen3-235b-a22b-instruct-2507": 5,
      "qwen3-235b-a22b-thinking-2507": 7.777777777777778,
      "qwen3-5-35b-a3b": 4,
      "qwen3-5-397b-a17b": 6,
      "qwen3-5-9b": 1.4999999999999998,
      "qwen3-6-27b": 10,
      "qwen3-coder-480b-a35b-instruct-turbo": 4.285714285714286,
      "qwen3-next-80b": 5.428571428571429,
      "qwen3-vl-235b-a22b": 9.047619047619047,
      "venice-uncensored-1-2": 4.5,
      "venice-uncensored-role-play": 4,
      "xiaomi-mimo-v2-5": 2,
      "z-ai-glm-5-turbo": 3.3333333333333335,
      "z-ai-glm-5v-turbo": 3.3333333333333335,
      "zai-org-glm-4.6": 4.069767441860465,
      "zai-org-glm-4.7": 4.8181818181818175,
      "zai-org-glm-4.7-flash": 4,
      "zai-org-glm-5": 3.2,
      "zai-org-glm-5-1": 3.142857142857143,
      "zai-org-glm-5-2": 3.1428571428571432
    },
    "model_price": {},
    "model_ratio": {
      "aion-labs-aion-2-0": 0.5,
      "aion-labs-aion-3-0": 1.875,
      "aion-labs-aion-3-0-mini": 0.4375,
      "claude-fable-5": 6,
      "claude-opus-4-5": 3,
      "claude-opus-4-6": 3,
      "claude-opus-4-7": 3,
      "claude-opus-4-7-fast": 18,
      "claude-opus-4-8": 3,
      "claude-opus-4-8-fast": 6,
      "claude-sonnet-4-5": 1.875,
      "claude-sonnet-4-6": 1.8,
      "claude-sonnet-5": 1.5,
      "deepseek-v3.2": 0.165,
      "deepseek-v4-flash": 0.069,
      "deepseek-v4-pro": 0.825,
      "gemini-3-1-pro-preview": 1.25,
      "gemini-3-5-flash": 0.775,
      "gemini-3-flash-preview": 0.35,
      "gemma-4-uncensored": 0.08125,
      "google-gemma-3-27b-it": 0.06,
      "google-gemma-4-26b-a4b-it": 0.065,
      "google-gemma-4-31b-it": 0.06,
      "grok-4-20": 0.71,
      "grok-4-20-multi-agent": 0.71,
      "grok-4-3": 0.71,
      "grok-4-5": 1.135,
      "grok-build-0-1": 0.5,
      "hermes-3-llama-3.1-405b": 0.55,
      "kimi-k2-5": 0.28,
      "kimi-k2-6": 0.375,
      "kimi-k2-7-code": 0.375,
      "llama-3.2-3b": 0.075,
      "llama-3.3-70b": 0.35,
      "mercury-2": 0.15625,
      "minimax-m25": 0.135,
      "minimax-m27": 0.1875,
      "minimax-m3-preview": 0.15,
      "mistral-small-2603": 0.09375,
      "mistral-small-3-2-24b-instruct": 0.046875,
      "nvidia-nemotron-3-nano-30b-a3b": 0.0375,
      "nvidia-nemotron-3-ultra-550b-a55b": 0.3125,
      "nvidia-nemotron-cascade-2-30b-a3b": 0.07,
      "olafangensan-glm-4.7-flash-heretic": 0.035,
      "openai-gpt-4o-2024-11-20": 1.5625,
      "openai-gpt-4o-mini-2024-07-18": 0.09375,
      "openai-gpt-52": 1.095,
      "openai-gpt-52-codex": 1.095,
      "openai-gpt-53-codex": 1.095,
      "openai-gpt-54": 1.565,
      "openai-gpt-54-mini": 0.46875,
      "openai-gpt-54-pro": 18.75,
      "openai-gpt-55": 3.125,
      "openai-gpt-55-pro": 18.75,
      "openai-gpt-oss-120b": 0.035,
      "qwen-3-6-plus": 0.3125,
      "qwen-3-7-max": 1.35,
      "qwen-3-7-plus": 0.25,
      "qwen3-235b-a22b-instruct-2507": 0.075,
      "qwen3-235b-a22b-thinking-2507": 0.225,
      "qwen3-5-35b-a3b": 0.15625,
      "qwen3-5-397b-a17b": 0.375,
      "qwen3-5-9b": 0.05,
      "qwen3-6-27b": 0.1625,
      "qwen3-coder-480b-a35b-instruct-turbo": 0.175,
      "qwen3-next-80b": 0.175,
      "qwen3-vl-235b-a22b": 0.105,
      "venice-uncensored-1-2": 0.1,
      "venice-uncensored-role-play": 0.25,
      "xiaomi-mimo-v2-5": 0.07,
      "z-ai-glm-5-turbo": 0.6,
      "z-ai-glm-5v-turbo": 0.75,
      "zai-org-glm-4.6": 0.215,
      "zai-org-glm-4.7": 0.275,
      "zai-org-glm-4.7-flash": 0.0625,