{
  "data": {
    "cache_ratio": {
      "claude-opus-45": 0.09999999999999999,
      "deepseek-v3.2": 0.5,
      "gemini-3-pro-preview": 0.25,
      "grok-41-fast": 0.25,
      "openai-gpt-52": 0.1
    },
    "completion_ratio": {
      "claude-opus-45": 5,
      "deepseek-v3.2": 2.5,
      "gemini-3-flash-preview": 5.357142857142858,
      "gemini-3-pro-preview": 6,
      "google-gemma-3-27b-it": 1.6666666666666667,
      "grok-41-fast": 2.5,
      "hermes-3-llama-3.1-405b": 2.727272727272727,
      "kimi-k2-thinking": 4.266666666666667,
      "llama-3.2-3b": 4,
      "llama-3.3-70b": 4,
      "mistral-31-24b": 4,
      "openai-gpt-52": 7.990867579908676,
      "openai-gpt-oss-120b": 4.285714285714286,
      "qwen3-235b-a22b-instruct-2507": 5,
      "qwen3-235b-a22b-thinking-2507": 7.777777777777778,
      "qwen3-4b": 2.9999999999999996,
      "qwen3-coder-480b-a35b-instruct": 4,
      "qwen3-next-80b": 5.428571428571429,
      "venice-uncensored": 4.5,
      "zai-org-glm-4.6": 3.235294117647059,
      "zai-org-glm-4.6v": 2.897435897435897
    },
    "model_price": {},
    "model_ratio": {
      "claude-opus-45": 3,
      "deepseek-v3.2": 0.2,
      "gemini-3-flash-preview": 0.35,
      "gemini-3-pro-preview": 1.25,
      "google-gemma-3-27b-it": 0.06,
      "grok-41-fast": 0.25,
      "hermes-3-llama-3.1-405b": 0.55,
      "kimi-k2-thinking": 0.375,
      "llama-3.2-3b": 0.075,
      "llama-3.3-70b": 0.35,
      "mistral-31-24b": 0.25,
      "openai-gpt-52": 1.095,
      "openai-gpt-oss-120b": 0.035,
      "qwen3-235b-a22b-instruct-2507": 0.075,
      "qwen3-235b-a22b-thinking-2507": 0.225,
      "qwen3-4b": 0.025,
      "qwen3-coder-480b-a35b-instruct": 0.375,
      "qwen3-next-80b": 0.175,
      "venice-uncensored": 0.1,
      "zai-org-glm-4.6": 0.425,
      "zai-org-glm-4.6v": 0.195
    }
  },
  "message": "",
  "success": true
}