{
  "data": {
    "cache_ratio": {
      "aion-labs-aion-2-0": 0.25,
      "arcee-trinity-large-thinking": 0.24,
      "claude-opus-4-5": 0.09999999999999999,
      "claude-opus-4-6": 0.09999999999999999,
      "claude-opus-4-6-fast": 0.1,
      "claude-sonnet-4-5": 0.1,
      "claude-sonnet-4-6": 0.09999999999999999,
      "deepseek-v3.2": 0.48484848484848486,
      "gemini-3-1-pro-preview": 0.2,
      "gemini-3-flash-preview": 0.10000000000000002,
      "grok-4-20": 0.10132158590308371,
      "grok-4-20-multi-agent": 0.10132158590308371,
      "grok-41-fast": 0.2608695652173913,
      "grok-code-fast-1": 0.12,
      "kimi-k2-5": 0.19642857142857142,
      "kimi-k2-thinking": 0.5,
      "mercury-2": 0.1,
      "mercury-edit-2": 0.1,
      "minimax-m21": 0.1142857142857143,
      "minimax-m25": 0.11764705882352941,
      "minimax-m27": 0.19999999999999998,
      "openai-gpt-4o-mini-2024-07-18": 0.5,
      "openai-gpt-52": 0.1,
      "openai-gpt-52-codex": 0.1,
      "openai-gpt-53-codex": 0.1,
      "openai-gpt-54": 0.1,
      "openai-gpt-54-mini": 0.1,
      "qwen-3-6-plus": 0.1,
      "qwen3-5-35b-a3b": 0.5,
      "qwen3-coder-480b-a35b-instruct-turbo": 0.1142857142857143,
      "z-ai-glm-5-turbo": 0.2,
      "z-ai-glm-5v-turbo": 0.19999999999999998,
      "zai-org-glm-4.6": 0.35294117647058826,
      "zai-org-glm-4.7": 0.19999999999999998,
      "zai-org-glm-5": 0.2,
      "zai-org-glm-5-1": 0.18571428571428572
    },
    "completion_ratio": {
      "aion-labs-aion-2-0": 2,
      "arcee-trinity-large-thinking": 3.6,
      "claude-opus-4-5": 5,
      "claude-opus-4-6": 5,
      "claude-opus-4-6-fast": 5,
      "claude-sonnet-4-5": 5,
      "claude-sonnet-4-6": 5,
      "deepseek-v3.2": 1.4545454545454544,
      "gemini-3-1-pro-preview": 6,
      "gemini-3-flash-preview": 5.357142857142858,
      "google-gemma-3-27b-it": 1.6666666666666667,
      "google-gemma-4-26b-a4b-it": 3.0769230769230766,
      "google-gemma-4-31b-it": 2.857142857142857,
      "grok-4-20": 2.9955947136563874,
      "grok-4-20-multi-agent": 2.9955947136563874,
      "grok-41-fast": 2.478260869565217,
      "grok-code-fast-1": 7.48,
      "hermes-3-llama-3.1-405b": 2.727272727272727,
      "kimi-k2-5": 6.249999999999999,
      "kimi-k2-thinking": 4.266666666666667,
      "llama-3.2-3b": 4,
      "llama-3.3-70b": 4,
      "mercury-2": 3,
      "mercury-edit-2": 3,
      "minimax-m21": 4.285714285714286,
      "minimax-m25": 3.4999999999999996,
      "minimax-m27": 4,
      "mistral-small-2603": 4,
      "mistral-small-3-2-24b-instruct": 2.6666666666666665,
      "nvidia-nemotron-3-nano-30b-a3b": 4,
      "nvidia-nemotron-cascade-2-30b-a3b": 5.714285714285714,
      "olafangensan-glm-4.7-flash-heretic": 5.714285714285714,
      "openai-gpt-4o-2024-11-20": 4,
      "openai-gpt-4o-mini-2024-07-18": 4,
      "openai-gpt-52": 7.990867579908676,
      "openai-gpt-52-codex": 7.990867579908676,
      "openai-gpt-53-codex": 7.990867579908676,
      "openai-gpt-54": 6.006389776357828,
      "openai-gpt-54-mini": 6,
      "openai-gpt-54-pro": 6,
      "openai-gpt-oss-120b": 4.285714285714286,
      "qwen-3-6-plus": 6,
      "qwen3-235b-a22b-instruct-2507": 5,
      "qwen3-235b-a22b-thinking-2507": 7.777777777777778,
      "qwen3-5-35b-a3b": 4,
      "qwen3-5-397b-a17b": 6,
      "qwen3-5-9b": 2.9999999999999996,
      "qwen3-coder-480b-a35b-instruct": 4,
      "qwen3-coder-480b-a35b-instruct-turbo": 4.285714285714286,
      "qwen3-next-80b": 5.428571428571429,
      "qwen3-vl-235b-a22b": 6,
      "venice-uncensored": 4.5,
      "venice-uncensored-role-play": 4,
      "z-ai-glm-5-turbo": 3.3333333333333335,
      "z-ai-glm-5v-turbo": 3.3333333333333335,
      "zai-org-glm-4.6": 3.235294117647059,
      "zai-org-glm-4.7": 4.8181818181818175,
      "zai-org-glm-4.7-flash": 4,
      "zai-org-glm-5": 3.2,
      "zai-org-glm-5-1": 3.142857142857143
    },
    "model_price": {},
    "model_ratio": {
      "aion-labs-aion-2-0": 0.5,
      "arcee-trinity-large-thinking": 0.15625,
      "claude-opus-4-5": 3,
      "claude-opus-4-6": 3,
      "claude-opus-4-6-fast": 18,
      "claude-sonnet-4-5": 1.875,
      "claude-sonnet-4-6": 1.8,
      "deepseek-v3.2": 0.165,
      "gemini-3-1-pro-preview": 1.25,
      "gemini-3-flash-preview": 0.35,
      "google-gemma-3-27b-it": 0.06,
      "google-gemma-4-26b-a4b-it": 0.08125,
      "google-gemma-4-31b-it": 0.0875,
      "grok-4-20": 1.135,
      "grok-4-20-multi-agent": 1.135,
      "grok-41-fast": 0.115,
      "grok-code-fast-1": 0.125,
      "hermes-3-llama-3.1-405b": 0.55,
      "kimi-k2-5": 0.28,
      "kimi-k2-thinking": 0.375,
      "llama-3.2-3b": 0.075,
      "llama-3.3-70b": 0.35,
      "mercury-2": 0.15625,
      "mercury-edit-2": 0.125,
      "minimax-m21": 0.175,
      "minimax-m25": 0.17,
      "minimax-m27": 0.1875,
      "mistral-small-2603": 0.09375,
      "mistral-small-3-2-24b-instruct": 0.046875,
      "nvidia-nemotron-3-nano-30b-a3b": 0.0375,
      "nvidia-nemotron-cascade-2-30b-a3b": 0.07,
      "olafangensan-glm-4.7-flash-heretic": 0.07,
      "openai-gpt-4o-2024-11-20": 1.5625,
      "openai-gpt-4o-mini-2024-07-18": 0.09375,
      "openai-gpt-52": 1.095,
      "openai-gpt-52-codex": 1.095,
      "openai-gpt-53-codex": 1.095,
      "openai-gpt-54": 1.565,
      "openai-gpt-54-mini": 0.46875,
      "openai-gpt-54-pro": 18.75,
      "openai-gpt-oss-120b": 0.035,
      "qwen-3-6-plus": 0.3125,
      "qwen3-235b-a22b-instruct-2507": 0.075,
      "qwen3-235b-a22b-thinking-2507": 0.225,
      "qwen3-5-35b-a3b": 0.15625,
      "qwen3-5-397b-a17b": 0.375,
      "qwen3-5-9b": 0.025,
      "qwen3-coder-480b-a35b-instruct": 0.375,
      "qwen3-coder-480b-a35b-instruct-turbo": 0.175,
      "qwen3-next-80b": 0.175,
      "qwen3-vl-235b-a22b": 0.125,
      "venice-uncensored": 0.1,
      "venice-uncensored-role-play": 0.25,
      "z-ai-glm-5-turbo": 0.6,
      "z-ai-glm-5v-turbo": 0.75,
      "zai-org-glm-4.6": 0.425,
      "zai-org-glm-4.7": 0.275,
      "zai-org-glm-4.7-flash": 0.0625,
      "zai-org-glm-5": 0.5,
      "zai-org-glm-5-1": 0.875
    }
  },
  "message": "",
  "success": true
}