{
  "data": {
    "cache_ratio": {
      "claude-opus-4-6": 0.09999999999999999,
      "claude-opus-45": 0.09999999999999999,
      "claude-sonnet-45": 0.1,
      "deepseek-v3.2": 0.5,
      "gemini-3-flash-preview": 0.10000000000000002,
      "gemini-3-pro-preview": 0.25,
      "grok-41-fast": 0.25,
      "grok-code-fast-1": 0.12,
      "kimi-k2-5": 0.16666666666666666,
      "kimi-k2-thinking": 0.5,
      "minimax-m21": 0.09999999999999999,
      "minimax-m25": 0.09999999999999999,
      "openai-gpt-52": 0.1,
      "openai-gpt-52-codex": 0.1,
      "zai-org-glm-4.7": 0.19999999999999998,
      "zai-org-glm-5": 0.2
    },
    "completion_ratio": {
      "claude-opus-4-6": 5,
      "claude-opus-45": 5,
      "claude-sonnet-45": 5,
      "deepseek-v3.2": 2.5,
      "gemini-3-flash-preview": 5.357142857142858,
      "gemini-3-pro-preview": 6,
      "google-gemma-3-27b-it": 1.6666666666666667,
      "grok-41-fast": 2.5,
      "grok-code-fast-1": 7.48,
      "hermes-3-llama-3.1-405b": 2.727272727272727,
      "kimi-k2-5": 5,
      "kimi-k2-thinking": 4.266666666666667,
      "llama-3.2-3b": 4,
      "llama-3.3-70b": 4,
      "minimax-m21": 4,
      "minimax-m25": 4,
      "mistral-31-24b": 4,
      "openai-gpt-52": 7.990867579908676,
      "openai-gpt-52-codex": 7.990867579908676,
      "openai-gpt-oss-120b": 4.285714285714286,
      "qwen3-235b-a22b-instruct-2507": 5,
      "qwen3-235b-a22b-thinking-2507": 7.777777777777778,
      "qwen3-4b": 2.9999999999999996,
      "qwen3-coder-480b-a35b-instruct": 4,
      "qwen3-next-80b": 5.428571428571429,
      "qwen3-vl-235b-a22b": 6,
      "venice-uncensored": 4.5,
      "zai-org-glm-4.7": 4.8181818181818175,
      "zai-org-glm-4.7-flash": 4,
      "zai-org-glm-5": 3.2
    },
    "model_price": {},
    "model_ratio": {
      "claude-opus-4-6": 3,
      "claude-opus-45": 3,
      "claude-sonnet-45": 1.875,
      "deepseek-v3.2": 0.2,
      "gemini-3-flash-preview": 0.35,
      "gemini-3-pro-preview": 1.25,
      "google-gemma-3-27b-it": 0.06,
      "grok-41-fast": 0.25,
      "grok-code-fast-1": 0.125,
      "hermes-3-llama-3.1-405b": 0.55,
      "kimi-k2-5": 0.375,
      "kimi-k2-thinking": 0.375,
      "llama-3.2-3b": 0.075,
      "llama-3.3-70b": 0.35,
      "minimax-m21": 0.2,
      "minimax-m25": 0.2,
      "mistral-31-24b": 0.25,
      "openai-gpt-52": 1.095,
      "openai-gpt-52-codex": 1.095,
      "openai-gpt-oss-120b": 0.035,
      "qwen3-235b-a22b-instruct-2507": 0.075,
      "qwen3-235b-a22b-thinking-2507": 0.225,
      "qwen3-4b": 0.025,
      "qwen3-coder-480b-a35b-instruct": 0.375,
      "qwen3-next-80b": 0.175,
      "qwen3-vl-235b-a22b": 0.125,
      "venice-uncensored": 0.1,
      "zai-org-glm-4.7": 0.275,
      "zai-org-glm-4.7-flash": 0.0625,
      "zai-org-glm-5": 0.5
    }
  },
  "message": "",
  "success": true
}