{
  "data": {
    "cache_ratio": {},
    "completion_ratio": {
      "deepseek-r1": 3.996515679442509,
      "deepseek-r1-0528": 3.996515679442509,
      "deepseek-r1-distill-llama-70b": 3,
      "deepseek-r1-distill-qwen-14b": 2.993055555555556,
      "deepseek-r1-distill-qwen-32b": 3,
      "deepseek-r1-distill-qwen-7b": 2,
      "deepseek-v3": 3.996515679442509,
      "deepseek-v3-1": 2.998257839721255,
      "deepseek-v3-2-exp": 1.5017421602787457,
      "moonshot-kimi-k2-instruct": 3.996515679442509,
      "qvq-max": 4,
      "qwen-deep-research": 3.0182123482304317,
      "qwen-doc-turbo": 1.6551724137931034,
      "qwen-flash": 9.818181818181818,
      "qwen-long": 3.986111111111111,
      "qwen-math-plus": 2.998257839721255,
      "qwen-math-turbo": 3,
      "qwen-max": 3.9913043478260875,
      "qwen-mt-plus": 2.9922779922779923,
      "qwen-mt-turbo": 2.7722772277227725,
      "qwen-omni-turbo": 2,
      "qwen-omni-turbo-realtime": 2,
      "qwen-plus": 2.4956521739130433,
      "qwen-plus-character": 2.4956521739130433,
      "qwen-turbo": 1.9772727272727273,
      "qwen-vl-max": 2.4956521739130433,
      "qwen-vl-ocr": 1,
      "qwen-vl-plus": 2.4956521739130433,
      "qwen2-5-14b-instruct": 2.993055555555556,
      "qwen2-5-32b-instruct": 3,
      "qwen2-5-72b-instruct": 2.998257839721255,
      "qwen2-5-7b-instruct": 2,
      "qwen2-5-coder-32b-instruct": 3,
      "qwen2-5-coder-7b-instruct": 1.9930555555555556,
      "qwen2-5-math-72b-instruct": 2.998257839721255,
      "qwen2-5-math-7b-instruct": 1.9930555555555556,
      "qwen2-5-omni-7b": 0.0633259911894273,
      "qwen2-5-vl-72b-instruct": 2.9995640802092414,
      "qwen2-5-vl-7b-instruct": 2.4982578397212545,
      "qwen3-14b": 3.986111111111111,
      "qwen3-235b-a22b": 3.996515679442509,
      "qwen3-32b": 3.996515679442509,
      "qwen3-8b": 3.986111111111111,
      "qwen3-asr-flash": 1,
      "qwen3-coder-30b-a3b-instruct": 3.986111111111111,
      "qwen3-coder-480b-a35b-instruct": 3.9965156794425085,
      "qwen3-coder-flash": 3.986111111111111,
      "qwen3-coder-plus": 5,
      "qwen3-max": 3.9965156794425085,
      "qwen3-next-80b-a3b-instruct": 3.986111111111111,
      "qwen3-next-80b-a3b-thinking": 9.958333333333334,
      "qwen3-omni-flash": 2,
      "qwen3-omni-flash-realtime": 2,
      "qwen3-vl-235b-a22b": 4,
      "qwen3-vl-30b-a3b": 3.990740740740741,
      "qwen3-vl-plus": 9.999965121064783,
      "qwq-32b": 3,
      "qwq-plus": 2.4956521739130433,
      "tongyi-intent-detect-v3": 2.482758620689655
    },
    "model_price": {},
    "model_ratio": {
      "deepseek-r1": 0.287,
      "deepseek-r1-0528": 0.287,
      "deepseek-r1-distill-llama-70b": 0.1435,
      "deepseek-r1-distill-qwen-14b": 0.072,
      "deepseek-r1-distill-qwen-32b": 0.1435,
      "deepseek-r1-distill-qwen-7b": 0.036,
      "deepseek-v3": 0.1435,
      "deepseek-v3-1": 0.287,
      "deepseek-v3-2-exp": 0.1435,
      "moonshot-kimi-k2-instruct": 0.287,
      "qvq-max": 0.5735,
      "qwen-deep-research": 3.871,
      "qwen-doc-turbo": 0.0435,
      "qwen-flash": 0.011,
      "qwen-long": 0.036,
      "qwen-math-plus": 0.287,
      "qwen-math-turbo": 0.1435,
      "qwen-max": 0.1725,
      "qwen-mt-plus": 0.1295,
      "qwen-mt-turbo": 0.0505,
      "qwen-omni-turbo": 1.792,
      "qwen-omni-turbo-realtime": 1.792,
      "qwen-plus": 0.0575,
      "qwen-plus-character": 0.0575,
      "qwen-turbo": 0.022,
      "qwen-vl-max": 0.115,
      "qwen-vl-ocr": 0.3585,
      "qwen-vl-plus": 0.0575,
      "qwen2-5-14b-instruct": 0.072,
      "qwen2-5-32b-instruct": 0.1435,
      "qwen2-5-72b-instruct": 0.287,
      "qwen2-5-7b-instruct": 0.036,
      "qwen2-5-coder-32b-instruct": 0.1435,
      "qwen2-5-coder-7b-instruct": 0.072,
      "qwen2-5-math-72b-instruct": 0.287,
      "qwen2-5-math-7b-instruct": 0.072,
      "qwen2-5-omni-7b": 2.724,
      "qwen2-5-vl-72b-instruct": 1.147,
      "qwen2-5-vl-7b-instruct": 0.1435,
      "qwen3-14b": 0.072,
      "qwen3-235b-a22b": 0.1435,
      "qwen3-32b": 0.1435,
      "qwen3-8b": 0.036,
      "qwen3-asr-flash": 0.016,
      "qwen3-coder-30b-a3b-instruct": 0.108,
      "qwen3-coder-480b-a35b-instruct": 0.4305,
      "qwen3-coder-flash": 0.072,
      "qwen3-coder-plus": 0.5,
      "qwen3-max": 0.4305,
      "qwen3-next-80b-a3b-instruct": 0.072,
      "qwen3-next-80b-a3b-thinking": 0.072,
      "qwen3-omni-flash": 1.792,
      "qwen3-omni-flash-realtime": 1.792,
      "qwen3-vl-235b-a22b": 0.1433525,
      "qwen3-vl-30b-a3b": 0.054,
      "qwen3-vl-plus": 0.0716765,
      "qwq-32b": 0.1435,
      "qwq-plus": 0.115,
      "tongyi-intent-detect-v3": 0.029
    }
  },
  "message": "",
  "success": true
}