{
  "data": {
    "cache_ratio": {},
    "completion_ratio": {
      "glm-4.7": 3.6666666666666665,
      "glm-5": 3.1999999999999997,
      "gpt-oss-120b": 4
    },
    "model_price": {},
    "model_ratio": {
      "glm-4.7": 0.225,
      "glm-5": 0.375,
      "gpt-oss-120b": 0.03375
    }
  },
  "message": "",
  "success": true
}