{
  "data": {
    "cache_ratio": {},
    "completion_ratio": {
      "glm-4.7": 3.6666666666666665,
      "glm-5": 3.1999999999999997,
      "glm-5.1": 3.112,
      "glm-5.2": 3.112,
      "gpt-oss-120b": 4,
      "minimax-m2.5": 4
    },
    "model_price": {},
    "model_ratio": {
      "glm-4.7": 0.225,
      "glm-5": 0.375,
      "glm-5.1": 0.625,
      "glm-5.2": 0.625,
      "gpt-oss-120b": 0.03375,
      "minimax-m2.5": 0.11
    }
  },
  "message": "",
  "success": true
}