{
  "data": {
    "cache_ratio": {
      "glm-4.5": 0.18333333333333335,
      "glm-4.5-air": 0.15,
      "glm-4.6": 0.18333333333333335,
      "glm-4.7": 0.18333333333333335,
      "glm-4.7-flashx": 0.14285714285714285,
      "glm-5": 0.2,
      "glm-5-turbo": 0.2,
      "glm-5.1": 0.18571428571428572,
      "glm-5v-turbo": 0.2
    },
    "completion_ratio": {
      "glm-4.5": 3.666666666666667,
      "glm-4.5-air": 5.5,
      "glm-4.5v": 3,
      "glm-4.6": 3.666666666666667,
      "glm-4.6v": 3,
      "glm-4.7": 3.666666666666667,
      "glm-4.7-flashx": 5.714285714285714,
      "glm-5": 3.2,
      "glm-5-turbo": 3.3333333333333335,
      "glm-5.1": 3.1428571428571432,
      "glm-5v-turbo": 3.3333333333333335
    },
    "model_price": {},
    "model_ratio": {
      "glm-4.5": 0.3,
      "glm-4.5-air": 0.1,
      "glm-4.5v": 0.3,
      "glm-4.6": 0.3,
      "glm-4.6v": 0.15,
      "glm-4.7": 0.3,
      "glm-4.7-flashx": 0.035,
      "glm-5": 0.5,
      "glm-5-turbo": 0.6,
      "glm-5.1": 0.7,
      "glm-5v-turbo": 0.6
    }
  },
  "message": "",
  "success": true
}