{
  "data": {
    "cache_ratio": {
      "glm-4.5": 0.18333333333333335,
      "glm-4.5-air": 0.15,
      "glm-4.6": 0.18333333333333335,
      "glm-4.7": 0.18333333333333335,
      "glm-5": 0.2
    },
    "completion_ratio": {
      "glm-4.5": 3.666666666666667,
      "glm-4.5-air": 5.5,
      "glm-4.5v": 3,
      "glm-4.6": 3.666666666666667,
      "glm-4.6v": 3,
      "glm-4.7": 3.666666666666667,
      "glm-5": 3.2
    },
    "model_price": {},
    "model_ratio": {
      "glm-4.5": 0.3,
      "glm-4.5-air": 0.1,
      "glm-4.5v": 0.3,
      "glm-4.6": 0.3,
      "glm-4.6v": 0.15,
      "glm-4.7": 0.3,
      "glm-5": 0.5
    }
  },
  "message": "",
  "success": true
}