{
  "data": {
    "cache_ratio": {
      "kimi-k2-0711-preview": 0.25,
      "kimi-k2-0905-preview": 0.25,
      "kimi-k2-thinking": 0.25,
      "kimi-k2-thinking-turbo": 0.13043478260869565,
      "kimi-k2-turbo-preview": 0.25,
      "kimi-k2.5": 0.16666666666666669,
      "kimi-k2.6": 0.16842105263157897,
      "kimi-k2.7-code": 0.2,
      "kimi-k2.7-code-highspeed": 0.2
    },
    "completion_ratio": {
      "kimi-k2-0711-preview": 4.166666666666667,
      "kimi-k2-0905-preview": 4.166666666666667,
      "kimi-k2-thinking": 4.166666666666667,
      "kimi-k2-thinking-turbo": 6.9565217391304355,
      "kimi-k2-turbo-preview": 4.166666666666667,
      "kimi-k2.5": 5,
      "kimi-k2.6": 4.2105263157894735,
      "kimi-k2.7-code": 4.2105263157894735,
      "kimi-k2.7-code-highspeed": 4.2105263157894735
    },
    "model_price": {},
    "model_ratio": {
      "kimi-k2-0711-preview": 0.3,
      "kimi-k2-0905-preview": 0.3,
      "kimi-k2-thinking": 0.3,
      "kimi-k2-thinking-turbo": 0.575,
      "kimi-k2-turbo-preview": 1.2,
      "kimi-k2.5": 0.3,
      "kimi-k2.6": 0.475,
      "kimi-k2.7-code": 0.475,
      "kimi-k2.7-code-highspeed": 0.95
    }
  },
  "message": "",
  "success": true
}