{
  "data": {
    "cache_ratio": {
      "kimi-k2-0711-preview": 0.25,
      "kimi-k2-0905-preview": 0.25,
      "kimi-k2-thinking": 0.25,
      "kimi-k2-thinking-turbo": 0.13043478260869565,
      "kimi-k2-turbo-preview": 0.25
    },
    "completion_ratio": {
      "kimi-k2-0711-preview": 4.166666666666667,
      "kimi-k2-0905-preview": 4.166666666666667,
      "kimi-k2-thinking": 4.166666666666667,
      "kimi-k2-thinking-turbo": 6.9565217391304355,
      "kimi-k2-turbo-preview": 4.166666666666667
    },
    "model_price": {},
    "model_ratio": {
      "kimi-k2-0711-preview": 0.3,
      "kimi-k2-0905-preview": 0.3,
      "kimi-k2-thinking": 0.3,
      "kimi-k2-thinking-turbo": 0.575,
      "kimi-k2-turbo-preview": 1.2
    }
  },
  "message": "",
  "success": true
}