{
  "data": {
    "cache_ratio": {},
    "completion_ratio": {
      "MiniMaxAI/MiniMax-M2.5": 3.9428571428571426,
      "Qwen/Qwen3.5-397B-A17B-FP8": 6,
      "Qwen/Qwen3.6-35B-A3B": 3.9655172413793105,
      "glm-5-fast": 3.2727272727272725,
      "glm-5.1-fast": 3.2727272727272725,
      "kimi-k2.5-fast": 4.98076923076923,
      "kimi-k2.6-fast": 4.666666666666667,
      "mistralai/Devstral-Small-2-24B-Instruct-2512": 2.9166666666666665,
      "moonshotai/Kimi-K2.5": 4.98076923076923,
      "moonshotai/Kimi-K2.6": 4.666666666666667,
      "openai/gpt-oss-20b": 5.333333333333334,
      "qwen3.5-397b-fast": 6,
      "qwen3.6-35b-fast": 3.9655172413793105,
      "zai-org/GLM-5.1-FP8": 3.2727272727272725
    },
    "model_price": {},
    "model_ratio": {
      "MiniMaxAI/MiniMax-M2.5": 0.175,
      "Qwen/Qwen3.5-397B-A17B-FP8": 0.345,
      "Qwen/Qwen3.6-35B-A3B": 0.145,
      "glm-5-fast": 0.55,
      "glm-5.1-fast": 0.55,
      "kimi-k2.5-fast": 0.26,
      "kimi-k2.6-fast": 0.345,
      "mistralai/Devstral-Small-2-24B-Instruct-2512": 0.06,
      "moonshotai/Kimi-K2.5": 0.26,
      "moonshotai/Kimi-K2.6": 0.345,
      "openai/gpt-oss-20b": 0.015,
      "qwen3.5-397b-fast": 0.345,
      "qwen3.6-35b-fast": 0.145,
      "zai-org/GLM-5.1-FP8": 0.55
    }
  },
  "message": "",
  "success": true
}