{
  "data": {
    "cache_ratio": {
      "Qwen/Qwen3.5-397B-A17B-FP8": 0.25,
      "Qwen/Qwen3.6-35B-A3B": 0.25,
      "glm-5.2": 0.25,
      "glm-5.2-fast": 0.25,
      "glm-5.2-flex": 0.25,
      "glm-5.2-short": 0.25,
      "glm-5.2-short-fast": 0.25,
      "glm-5.2-short-fast-flex": 0.25,
      "glm-5.2-short-flex": 0.25,
      "kimi-k2.5-fast": 0.25,
      "kimi-k2.6-fast": 0.25,
      "kimi-k2.6-flex": 0.25,
      "kimi-k2.7-code-flex": 0.25,
      "moonshotai/Kimi-K2.5": 0.25,
      "moonshotai/Kimi-K2.6": 0.25,
      "moonshotai/Kimi-K2.7-Code": 0.25,
      "qwen3.5-397b-fast": 0.25,
      "qwen3.6-35b-fast": 0.25
    },
    "completion_ratio": {
      "Qwen/Qwen3.5-397B-A17B-FP8": 6,
      "Qwen/Qwen3.6-35B-A3B": 3.9655172413793105,
      "glm-5.2": 3.103448275862069,
      "glm-5.2-fast": 3.103448275862069,
      "glm-5.2-flex": 3.103448275862069,
      "glm-5.2-short": 3.103448275862069,
      "glm-5.2-short-fast": 3.103448275862069,
      "glm-5.2-short-fast-flex": 3.103448275862069,
      "glm-5.2-short-flex": 3.103448275862069,
      "kimi-k2.5-fast": 4.98076923076923,
      "kimi-k2.6-fast": 4.666666666666667,
      "kimi-k2.6-flex": 4.666666666666667,
      "kimi-k2.7-code-flex": 4.2105263157894735,
      "moonshotai/Kimi-K2.5": 4.98076923076923,
      "moonshotai/Kimi-K2.6": 4.666666666666667,
      "moonshotai/Kimi-K2.7-Code": 4.2105263157894735,
      "qwen3.5-397b-fast": 6,
      "qwen3.6-35b-fast": 3.9655172413793105
    },
    "model_price": {},
    "model_ratio": {
      "Qwen/Qwen3.5-397B-A17B-FP8": 0.345,
      "Qwen/Qwen3.6-35B-A3B": 0.145,
      "glm-5.2": 0.725,
      "glm-5.2-fast": 0.725,
      "glm-5.2-flex": 0.3625,
      "glm-5.2-short": 0.725,
      "glm-5.2-short-fast": 0.725,
      "glm-5.2-short-fast-flex": 0.3625,
      "glm-5.2-short-flex": 0.3625,
      "kimi-k2.5-fast": 0.26,
      "kimi-k2.6-fast": 0.345,
      "kimi-k2.6-flex": 0.1725,
      "kimi-k2.7-code-flex": 0.2375,
      "moonshotai/Kimi-K2.5": 0.26,
      "moonshotai/Kimi-K2.6": 0.345,
      "moonshotai/Kimi-K2.7-Code": 0.475,
      "qwen3.5-397b-fast": 0.345,
      "qwen3.6-35b-fast": 0.145
    }
  },
  "message": "",
  "success": true
}