{
  "data": {
    "cache_ratio": {},
    "completion_ratio": {
      "baidu/ernie-4.5-300b-a47b-paddle": 3.9285714285714284,
      "baidu/ernie-4.5-vl-424b-a47b": 2.9761904761904763,
      "claude-haiku-4-5-20251001": 5,
      "claude-opus-4-1-20250805": 5,
      "claude-opus-4-20250514": 5,
      "claude-opus-4-5-20251101": 5,
      "claude-opus-4-6": 5,
      "claude-sonnet-4-20250514": 5,
      "claude-sonnet-4-5-20250929": 5,
      "deepseek/deepseek-r1-0528": 3.5714285714285716,
      "deepseek/deepseek-v3-0324": 4.07142857142857,
      "deepseek/deepseek-v3.1": 3.7037037037037033,
      "gemini-2.5-flash": 8.333333333333332,
      "gemini-2.5-flash-lite": 4,
      "gemini-2.5-flash-lite-preview-06-17": 4,
      "gemini-2.5-flash-lite-preview-09-2025": 4,
      "gemini-2.5-flash-preview-05-20": 23.333333333333332,
      "gemini-2.5-pro": 8,
      "gemini-2.5-pro-preview-06-05": 8,
      "gemini-3-flash-preview": 6,
      "gemini-3-pro-preview": 6,
      "gpt-5-chat-latest": 8,
      "gpt-5-codex": 8,
      "gpt-5-mini": 8,
      "gpt-5-nano": 8,
      "gpt-5-pro": 8,
      "gpt-5.1": 8,
      "gpt-5.1-codex": 8,
      "gpt-5.1-codex-max": 8,
      "gpt-5.1-codex-mini": 8,
      "gpt-5.2": 8,
      "gpt-5.2-codex": 8,
      "gpt-5.2-pro": 8,
      "grok-4-0709": 5,
      "grok-4-1-fast-non-reasoning": 2.5,
      "grok-4-1-fast-reasoning": 2.5,
      "grok-4-fast-non-reasoning": 2.5,
      "grok-4-fast-reasoning": 2.5,
      "grok-code-fast-1": 7.500000000000001,
      "minimax/minimax-m2.1": 4,
      "minimaxai/minimax-m1-80k": 4,
      "moonshotai/kimi-k2-0905": 4.166666666666667,
      "moonshotai/kimi-k2-instruct": 4.035087719298246,
      "moonshotai/kimi-k2.5": 5,
      "o3": 4,
      "o3-mini": 4,
      "o4-mini": 4,
      "qwen/qwen3-235b-a22b-fp8": 4,
      "qwen/qwen3-235b-a22b-instruct-2507": 5.333333333333334,
      "qwen/qwen3-235b-a22b-thinking-2507": 10,
      "qwen/qwen3-30b-a3b-fp8": 5,
      "qwen/qwen3-32b-fp8": 4.5,
      "qwen/qwen3-coder-480b-a35b-instruct": 4.137931034482759,
      "qwen/qwen3-coder-next": 7.5,
      "qwen/qwen3-next-80b-a3b-instruct": 10,
      "qwen/qwen3-next-80b-a3b-thinking": 10,
      "zai-org/glm-4.5": 3.666666666666667,
      "zai-org/glm-4.5v": 3,
      "zai-org/glm-4.7": 3.666666666666667,
      "zai-org/glm-4.7-flash": 5.714285714285714
    },
    "model_price": {},
    "model_ratio": {
      "baidu/ernie-4.5-300b-a47b-paddle": 0.14,
      "baidu/ernie-4.5-vl-424b-a47b": 0.21,
      "claude-haiku-4-5-20251001": 0.45,
      "claude-opus-4-1-20250805": 6.75,
      "claude-opus-4-20250514": 6.75,
      "claude-opus-4-5-20251101": 2.25,
      "claude-opus-4-6": 2.5,
      "claude-sonnet-4-20250514": 1.35,
      "claude-sonnet-4-5-20250929": 1.35,
      "deepseek/deepseek-r1-0528": 0.35,
      "deepseek/deepseek-v3-0324": 0.14,
      "deepseek/deepseek-v3.1": 0.135,
      "gemini-2.5-flash": 0.135,
      "gemini-2.5-flash-lite": 0.045,
      "gemini-2.5-flash-lite-preview-06-17": 0.045,
      "gemini-2.5-flash-lite-preview-09-2025": 0.045,
      "gemini-2.5-flash-preview-05-20": 0.0675,
      "gemini-2.5-pro": 0.5625,
      "gemini-2.5-pro-preview-06-05": 0.5625,
      "gemini-3-flash-preview": 0.25,
      "gemini-3-pro-preview": 0.9,
      "gpt-5-chat-latest": 0.5625,
      "gpt-5-codex": 0.5625,
      "gpt-5-mini": 0.1125,
      "gpt-5-nano": 0.0225,
      "gpt-5-pro": 6.75,
      "gpt-5.1": 0.5625,
      "gpt-5.1-codex": 0.5625,
      "gpt-5.1-codex-max": 0.5625,
      "gpt-5.1-codex-mini": 0.1125,
      "gpt-5.2": 0.7875,
      "gpt-5.2-codex": 0.875,
      "gpt-5.2-pro": 9.45,
      "grok-4-0709": 1.35,
      "grok-4-1-fast-non-reasoning": 0.09,
      "grok-4-1-fast-reasoning": 0.09,
      "grok-4-fast-non-reasoning": 0.09,
      "grok-4-fast-reasoning": 0.09,
      "grok-code-fast-1": 0.09,
      "minimax/minimax-m2.1": 0.15,
      "minimaxai/minimax-m1-80k": 0.275,
      "moonshotai/kimi-k2-0905": 0.3,
      "moonshotai/kimi-k2-instruct": 0.285,
      "moonshotai/kimi-k2.5": 0.3,
      "o3": 5,
      "o3-mini": 0.55,
      "o4-mini": 0.55,
      "qwen/qwen3-235b-a22b-fp8": 0.1,
      "qwen/qwen3-235b-a22b-instruct-2507": 0.075,
      "qwen/qwen3-235b-a22b-thinking-2507": 0.15,
      "qwen/qwen3-30b-a3b-fp8": 0.045,
      "qwen/qwen3-32b-fp8": 0.05,
      "qwen/qwen3-coder-480b-a35b-instruct": 0.145,
      "qwen/qwen3-coder-next": 0.1,
      "qwen/qwen3-next-80b-a3b-instruct": 0.075,
      "qwen/qwen3-next-80b-a3b-thinking": 0.075,
      "zai-org/glm-4.5": 0.3,
      "zai-org/glm-4.5v": 0.3,
      "zai-org/glm-4.7": 0.3,
      "zai-org/glm-4.7-flash": 0.035
    }
  },
  "message": "",
  "success": true
}