{
  "data": {
    "cache_ratio": {
      "anthropic/claude-haiku-3": 0.1,
      "anthropic/claude-haiku-3.5": 0.1,
      "anthropic/claude-haiku-4.5": 0.1,
      "anthropic/claude-opus-4": 0.1,
      "anthropic/claude-opus-4.1": 0.1,
      "anthropic/claude-opus-4.5": 0.1,
      "anthropic/claude-opus-4.6": 0.1,
      "anthropic/claude-sonnet-3.5": 0.1,
      "anthropic/claude-sonnet-3.5-june": 0.1,
      "anthropic/claude-sonnet-3.7": 0.1,
      "anthropic/claude-sonnet-4": 0.1,
      "anthropic/claude-sonnet-4.5": 0.1,
      "google/gemini-2.5-flash": 0.1,
      "google/gemini-2.5-pro": 0.09999999999999999,
      "google/gemini-3-flash": 0.09999999999999999,
      "google/gemini-3-pro": 0.09999999999999999,
      "google/nano-banana": 0.1,
      "google/nano-banana-pro": 0.1,
      "openai/gpt-4.1": 0.25,
      "openai/gpt-4.1-mini": 0.25,
      "openai/gpt-4.1-nano": 0.24444444444444444,
      "openai/gpt-4o-aug": 0.5,
      "openai/gpt-4o-mini": 0.4857142857142857,
      "openai/gpt-5": 0.09999999999999999,
      "openai/gpt-5-chat": 0.09999999999999999,
      "openai/gpt-5-mini": 0.09999999999999999,
      "openai/gpt-5-nano": 0.09999999999999999,
      "openai/gpt-5.1": 0.09999999999999999,
      "openai/gpt-5.1-codex": 0.09999999999999999,
      "openai/gpt-5.1-codex-max": 0.09999999999999999,
      "openai/gpt-5.1-codex-mini": 0.09999999999999999,
      "openai/gpt-5.1-instant": 0.09999999999999999,
      "openai/gpt-5.2": 0.09999999999999999,
      "openai/gpt-5.2-codex": 0.09999999999999999,
      "openai/gpt-5.2-instant": 0.09999999999999999,
      "openai/o3": 0.25,
      "openai/o3-deep-research": 0.24444444444444446,
      "openai/o4-mini": 0.25252525252525254,
      "openai/o4-mini-deep-research": 0.25,
      "xai/grok-3": 0.25,
      "xai/grok-3-mini": 0.25,
      "xai/grok-4": 0.25,
      "xai/grok-4-fast-non-reasoning": 0.25,
      "xai/grok-4-fast-reasoning": 0.25,
      "xai/grok-code-fast-1": 0.09999999999999999
    },
    "completion_ratio": {
      "anthropic/claude-haiku-3": 5.238095238095239,
      "anthropic/claude-haiku-3.5": 4.999999999999999,
      "anthropic/claude-haiku-4.5": 5.0588235294117645,
      "anthropic/claude-opus-4": 4.923076923076923,
      "anthropic/claude-opus-4.1": 4.923076923076923,
      "anthropic/claude-opus-4.5": 4.883720930232558,
      "anthropic/claude-opus-4.6": 4.883720930232558,
      "anthropic/claude-sonnet-3.5": 5,
      "anthropic/claude-sonnet-3.5-june": 5,
      "anthropic/claude-sonnet-3.7": 5,
      "anthropic/claude-sonnet-4": 5,
      "anthropic/claude-sonnet-4.5": 5,
      "google/gemini-2.0-flash": 4.199999999999999,
      "google/gemini-2.0-flash-lite": 4.038461538461538,
      "google/gemini-2.5-flash": 8.571428571428571,
      "google/gemini-2.5-flash-lite": 4,
      "google/gemini-2.5-pro": 8.045977011494253,
      "google/gemini-3-flash": 5.999999999999999,
      "google/gemini-3-pro": 5.999999999999999,
      "google/gemini-deep-research": 5.999999999999999,
      "google/nano-banana": 8.571428571428571,
      "google/nano-banana-pro": 6,
      "openai/chatgpt-4o-latest": 3.111111111111111,
      "openai/gpt-3.5-turbo": 3.1111111111111107,
      "openai/gpt-3.5-turbo-instruct": 1.2857142857142858,
      "openai/gpt-3.5-turbo-raw": 3.1111111111111107,
      "openai/gpt-4-classic": 2,
      "openai/gpt-4-classic-0314": 2,
      "openai/gpt-4-turbo": 3,
      "openai/gpt-4.1": 4,
      "openai/gpt-4.1-mini": 3.888888888888889,
      "openai/gpt-4.1-nano": 4,
      "openai/gpt-4o-aug": 4.090909090909091,
      "openai/gpt-4o-mini": 3.857142857142857,
      "openai/gpt-4o-mini-search": 3.857142857142857,
      "openai/gpt-4o-search": 4.090909090909091,
      "openai/gpt-5": 8.181818181818182,
      "openai/gpt-5-chat": 8.181818181818182,
      "openai/gpt-5-codex": 8.181818181818182,
      "openai/gpt-5-mini": 8.181818181818182,
      "openai/gpt-5-nano": 8,
      "openai/gpt-5-pro": 7.857142857142857,
      "openai/gpt-5.1": 8.181818181818182,
      "openai/gpt-5.1-codex": 8.181818181818182,
      "openai/gpt-5.1-codex-max": 8.181818181818182,
      "openai/gpt-5.1-codex-mini": 8.181818181818182,
      "openai/gpt-5.1-instant": 8.181818181818182,
      "openai/gpt-5.2": 8.125,
      "openai/gpt-5.2-codex": 8.125,
      "openai/gpt-5.2-instant": 8.125,
      "openai/gpt-5.2-pro": 7.894736842105263,
      "openai/o1": 3.857142857142857,
      "openai/o1-pro": 3.857142857142857,
      "openai/o3": 4,
      "openai/o3-deep-research": 4,
      "openai/o3-mini": 4.040404040404041,
      "openai/o3-mini-high": 4.040404040404041,
      "openai/o3-pro": 4,
      "openai/o4-mini": 4.040404040404041,
      "openai/o4-mini-deep-research": 4,
      "xai/grok-3": 5,
      "xai/grok-3-mini": 1.6666666666666667,
      "xai/grok-4": 5,
      "xai/grok-4-fast-non-reasoning": 2.5,
      "xai/grok-4-fast-reasoning": 2.5,
      "xai/grok-code-fast-1": 7.5
    },
    "model_price": {},
    "model_ratio": {
      "anthropic/claude-haiku-3": 0.105,
      "anthropic/claude-haiku-3.5": 0.34,
      "anthropic/claude-haiku-4.5": 0.425,
      "anthropic/claude-opus-4": 6.5,
      "anthropic/claude-opus-4.1": 6.5,
      "anthropic/claude-opus-4.5": 2.15,
      "anthropic/claude-opus-4.6": 2.15,
      "anthropic/claude-sonnet-3.5": 1.3,
      "anthropic/claude-sonnet-3.5-june": 1.3,
      "anthropic/claude-sonnet-3.7": 1.3,
      "anthropic/claude-sonnet-4": 1.3,
      "anthropic/claude-sonnet-4.5": 1.3,
      "google/gemini-2.0-flash": 0.05,
      "google/gemini-2.0-flash-lite": 0.026,
      "google/gemini-2.5-flash": 0.105,
      "google/gemini-2.5-flash-lite": 0.035,
      "google/gemini-2.5-pro": 0.435,
      "google/gemini-3-flash": 0.2,
      "google/gemini-3-pro": 0.8,
      "google/gemini-deep-research": 0.8,
      "google/nano-banana": 0.105,
      "google/nano-banana-pro": 1,
      "openai/chatgpt-4o-latest": 2.25,
      "openai/gpt-3.5-turbo": 0.225,
      "openai/gpt-3.5-turbo-instruct": 0.7,
      "openai/gpt-3.5-turbo-raw": 0.225,
      "openai/gpt-4-classic": 13.5,
      "openai/gpt-4-classic-0314": 13.5,
      "openai/gpt-4-turbo": 4.5,
      "openai/gpt-4.1": 0.9,
      "openai/gpt-4.1-mini": 0.18,
      "openai/gpt-4.1-nano": 0.045,
      "openai/gpt-4o-aug": 1.1,
      "openai/gpt-4o-mini": 0.07,
      "openai/gpt-4o-mini-search": 0.07,
      "openai/gpt-4o-search": 1.1,
      "openai/gpt-5": 0.55,
      "openai/gpt-5-chat": 0.55,
      "openai/gpt-5-codex": 0.55,
      "openai/gpt-5-mini": 0.11,
      "openai/gpt-5-nano": 0.0225,
      "openai/gpt-5-pro": 7,
      "openai/gpt-5.1": 0.55,
      "openai/gpt-5.1-codex": 0.55,
      "openai/gpt-5.1-codex-max": 0.55,
      "openai/gpt-5.1-codex-mini": 0.11,
      "openai/gpt-5.1-instant": 0.55,
      "openai/gpt-5.2": 0.8,
      "openai/gpt-5.2-codex": 0.8,
      "openai/gpt-5.2-instant": 0.8,
      "openai/gpt-5.2-pro": 9.5,
      "openai/o1": 7,
      "openai/o1-pro": 70,
      "openai/o3": 0.9,
      "openai/o3-deep-research": 4.5,
      "openai/o3-mini": 0.495,
      "openai/o3-mini-high": 0.495,
      "openai/o3-pro": 9,
      "openai/o4-mini": 0.495,
      "openai/o4-mini-deep-research": 0.9,
      "xai/grok-3": 1.5,
      "xai/grok-3-mini": 0.15,
      "xai/grok-4": 1.5,
      "xai/grok-4-fast-non-reasoning": 0.1,
      "xai/grok-4-fast-reasoning": 0.1,
      "xai/grok-code-fast-1": 0.1
    }
  },
  "message": "",
  "success": true
}