{
  "data": {
    "cache_ratio": {
      "anthropic/claude-haiku-3": 0.1,
      "anthropic/claude-haiku-3.5": 0.1,
      "anthropic/claude-haiku-3.5-search": 0.1,
      "anthropic/claude-haiku-4.5": 0.1,
      "anthropic/claude-opus-3": 0.1,
      "anthropic/claude-opus-4": 0.1,
      "anthropic/claude-opus-4-reasoning": 0.1,
      "anthropic/claude-opus-4-search": 0.1,
      "anthropic/claude-opus-4.1": 0.1,
      "anthropic/claude-sonnet-3.5": 0.09615384615384615,
      "anthropic/claude-sonnet-3.5-june": 0.09615384615384615,
      "anthropic/claude-sonnet-3.7": 0.09615384615384615,
      "anthropic/claude-sonnet-3.7-reasoning": 0.09615384615384615,
      "anthropic/claude-sonnet-3.7-search": 0.09615384615384615,
      "anthropic/claude-sonnet-4": 0.09615384615384615,
      "anthropic/claude-sonnet-4-reasoning": 0.09615384615384615,
      "anthropic/claude-sonnet-4-search": 0.09615384615384615,
      "anthropic/claude-sonnet-4.5": 0.09615384615384615,
      "google/gemini-2.5-flash": 0.24761904761904763,
      "google/gemini-2.5-pro": 0.25287356321839083,
      "google/gemini-3.0-pro": 0.09999999999999999,
      "openAi/gpt-4.1": 0.25,
      "openAi/gpt-4.1-mini": 0.25,
      "openAi/gpt-4.1-nano": 0.25555555555555554,
      "openAi/gpt-4o-aug": 0.47826086956521746,
      "openAi/gpt-4o-mini": 0.4857142857142857,
      "openAi/gpt-5": 0.09999999999999999,
      "openAi/gpt-5-chat": 0.09999999999999999,
      "openAi/gpt-5-mini": 0.09999999999999999,
      "openAi/gpt-5-nano": 0.09999999999999999,
      "openAi/o3": 0.25,
      "openAi/o3-deep-research": 0.25555555555555554,
      "openAi/o4-mini": 0.25252525252525254,
      "openAi/o4-mini-deep-research": 0.25,
      "openai/gpt-5.1": 0.09999999999999999,
      "openai/gpt-5.1-codex": 0.09999999999999999,
      "openai/gpt-5.1-codex-mini": 0.09999999999999999,
      "openai/gpt-5.1-instant": 0.09999999999999999,
      "xai/grok-3": 0.25,
      "xai/grok-3-mini": 0.25,
      "xai/grok-4": 0.25,
      "xai/grok-4-fast-non-reasoning": 0.25,
      "xai/grok-4-fast-reasoning": 0.25,
      "xai/grok-code-fast-1": 0.09999999999999999
    },
    "completion_ratio": {
      "anthropic/claude-haiku-3": 5.238095238095239,
      "anthropic/claude-haiku-3.5": 4.999999999999999,
      "anthropic/claude-haiku-3.5-search": 4.999999999999999,
      "anthropic/claude-haiku-4.5": 4.9411764705882355,
      "anthropic/claude-opus-3": 4.923076923076923,
      "anthropic/claude-opus-4": 4.923076923076923,
      "anthropic/claude-opus-4-reasoning": 4.923076923076923,
      "anthropic/claude-opus-4-search": 4.923076923076923,
      "anthropic/claude-opus-4.1": 4.923076923076923,
      "anthropic/claude-sonnet-3.5": 5,
      "anthropic/claude-sonnet-3.5-june": 5,
      "anthropic/claude-sonnet-3.7": 5,
      "anthropic/claude-sonnet-3.7-reasoning": 5,
      "anthropic/claude-sonnet-3.7-search": 5,
      "anthropic/claude-sonnet-4": 5,
      "anthropic/claude-sonnet-4-reasoning": 5,
      "anthropic/claude-sonnet-4-search": 5,
      "anthropic/claude-sonnet-4.5": 5,
      "facebook/llama-3.1-405b": 1,
      "facebook/llama-3.1-70b": 1,
      "facebook/llama-3.1-8b": 1,
      "google/gemini-2.0-flash": 4.199999999999999,
      "google/gemini-2.0-flash-lite": 4.038461538461538,
      "google/gemini-2.5-flash": 8.095238095238095,
      "google/gemini-2.5-flash-lite": 4,
      "google/gemini-2.5-pro": 8.045977011494253,
      "google/gemini-3.0-pro": 5.999999999999999,
      "google/nano-banana": 8.095238095238095,
      "openAi/chatgpt-4o-latest": 2.888888888888889,
      "openAi/gpt-3.5-turbo": 2.888888888888889,
      "openAi/gpt-3.5-turbo-instruct": 1.3846153846153846,
      "openAi/gpt-3.5-turbo-raw": 2.888888888888889,
      "openAi/gpt-4-classic": 2,
      "openAi/gpt-4-classic-0314": 2,
      "openAi/gpt-4-turbo": 3,
      "openAi/gpt-4.1": 4,
      "openAi/gpt-4.1-mini": 3.888888888888889,
      "openAi/gpt-4.1-nano": 4,
      "openAi/gpt-4o-aug": 3.91304347826087,
      "openAi/gpt-4o-mini": 3.857142857142857,
      "openAi/gpt-4o-mini-search": 3.857142857142857,
      "openAi/gpt-4o-search": 3.91304347826087,
      "openAi/gpt-5": 8.181818181818182,
      "openAi/gpt-5-chat": 8.181818181818182,
      "openAi/gpt-5-codex": 8.181818181818182,
      "openAi/gpt-5-mini": 8.181818181818182,
      "openAi/gpt-5-nano": 8,
      "openAi/gpt-5-pro": 8.461538461538462,
      "openAi/o1": 4.153846153846154,
      "openAi/o1-pro": 3.857142857142857,
      "openAi/o3": 4,
      "openAi/o3-deep-research": 4,
      "openAi/o3-mini": 4.040404040404041,
      "openAi/o3-mini-high": 4.040404040404041,
      "openAi/o3-pro": 4,
      "openAi/o4-mini": 4.040404040404041,
      "openAi/o4-mini-deep-research": 4,
      "openai/gpt-5.1": 8.181818181818182,
      "openai/gpt-5.1-codex": 8.181818181818182,
      "openai/gpt-5.1-codex-mini": 8.181818181818182,
      "openai/gpt-5.1-instant": 8.181818181818182,
      "xai/grok-2": 5,
      "xai/grok-3": 5,
      "xai/grok-3-mini": 1.6666666666666667,
      "xai/grok-4": 5,
      "xai/grok-4-fast-non-reasoning": 2.5,
      "xai/grok-4-fast-reasoning": 2.5,
      "xai/grok-code-fast-1": 7.5
    },
    "model_price": {},
    "model_ratio": {
      "anthropic/claude-haiku-3": 0.105,
      "anthropic/claude-haiku-3.5": 0.34,
      "anthropic/claude-haiku-3.5-search": 0.34,
      "anthropic/claude-haiku-4.5": 0.425,
      "anthropic/claude-opus-3": 6.5,
      "anthropic/claude-opus-4": 6.5,
      "anthropic/claude-opus-4-reasoning": 6.5,
      "anthropic/claude-opus-4-search": 6.5,
      "anthropic/claude-opus-4.1": 6.5,
      "anthropic/claude-sonnet-3.5": 1.3,
      "anthropic/claude-sonnet-3.5-june": 1.3,
      "anthropic/claude-sonnet-3.7": 1.3,
      "anthropic/claude-sonnet-3.7-reasoning": 1.3,
      "anthropic/claude-sonnet-3.7-search": 1.3,
      "anthropic/claude-sonnet-4": 1.3,
      "anthropic/claude-sonnet-4-reasoning": 1.3,
      "anthropic/claude-sonnet-4-search": 1.3,
      "anthropic/claude-sonnet-4.5": 1.3,
      "facebook/llama-3.1-405b": 1.5,
      "facebook/llama-3.1-70b": 0.45,
      "facebook/llama-3.1-8b": 0.1,
      "google/gemini-2.0-flash": 0.05,
      "google/gemini-2.0-flash-lite": 0.026,
      "google/gemini-2.5-flash": 0.105,
      "google/gemini-2.5-flash-lite": 0.035,
      "google/gemini-2.5-pro": 0.435,
      "google/gemini-3.0-pro": 0.8,
      "google/nano-banana": 0.105,
      "openAi/chatgpt-4o-latest": 2.25,
      "openAi/gpt-3.5-turbo": 0.225,
      "openAi/gpt-3.5-turbo-instruct": 0.65,
      "openAi/gpt-3.5-turbo-raw": 0.225,
      "openAi/gpt-4-classic": 13.5,
      "openAi/gpt-4-classic-0314": 13.5,
      "openAi/gpt-4-turbo": 4.5,
      "openAi/gpt-4.1": 0.9,
      "openAi/gpt-4.1-mini": 0.18,
      "openAi/gpt-4.1-nano": 0.045,
      "openAi/gpt-4o-aug": 1.15,
      "openAi/gpt-4o-mini": 0.07,
      "openAi/gpt-4o-mini-search": 0.07,
      "openAi/gpt-4o-search": 1.15,
      "openAi/gpt-5": 0.55,
      "openAi/gpt-5-chat": 0.55,
      "openAi/gpt-5-codex": 0.55,
      "openAi/gpt-5-mini": 0.11,
      "openAi/gpt-5-nano": 0.0225,
      "openAi/gpt-5-pro": 6.5,
      "openAi/o1": 6.5,
      "openAi/o1-pro": 70,
      "openAi/o3": 0.9,
      "openAi/o3-deep-research": 4.5,
      "openAi/o3-mini": 0.495,
      "openAi/o3-mini-high": 0.495,
      "openAi/o3-pro": 9,
      "openAi/o4-mini": 0.495,
      "openAi/o4-mini-deep-research": 0.9,
      "openai/gpt-5.1": 0.55,
      "openai/gpt-5.1-codex": 0.55,
      "openai/gpt-5.1-codex-mini": 0.11,
      "openai/gpt-5.1-instant": 0.55,
      "xai/grok-2": 1,
      "xai/grok-3": 1.5,
      "xai/grok-3-mini": 0.15,
      "xai/grok-4": 1.5,
      "xai/grok-4-fast-non-reasoning": 0.1,
      "xai/grok-4-fast-reasoning": 0.1,
      "xai/grok-code-fast-1": 0.1
    }
  },
  "message": "",
  "success": true
}