{
  "data": {
    "cache_ratio": {
      "claude-haiku-4-5": 0.1,
      "claude-opus-4-1": 0.1,
      "claude-opus-4-5": 0.3,
      "claude-sonnet-4-5": 0.09999999999999999,
      "codex-mini": 0.25,
      "gpt-4.1": 0.25,
      "gpt-4.1-mini": 0.25,
      "gpt-4.1-nano": 0.3,
      "gpt-4o": 0.5,
      "gpt-4o-mini": 0.5333333333333333,
      "gpt-5": 0.10400000000000001,
      "gpt-5-chat": 0.10400000000000001,
      "gpt-5-codex": 0.10400000000000001,
      "gpt-5-mini": 0.12,
      "gpt-5-nano": 0.19999999999999998,
      "gpt-5.1": 0.1,
      "gpt-5.1-chat": 0.1,
      "gpt-5.1-codex": 0.1,
      "gpt-5.1-codex-mini": 0.1,
      "grok-3": 0.25,
      "grok-3-mini": 0.25,
      "grok-4": 0.25,
      "grok-4-fast-non-reasoning": 0.25,
      "grok-4-fast-reasoning": 0.25,
      "grok-code-fast-1": 0.09999999999999999,
      "o1": 0.5,
      "o1-mini": 0.5,
      "o1-preview": 0.5,
      "o3": 0.25,
      "o3-mini": 0.5,
      "o4-mini": 0.2545454545454546
    },
    "completion_ratio": {
      "claude-haiku-4-5": 5,
      "claude-opus-4-1": 5,
      "claude-opus-4-5": 5,
      "claude-sonnet-4-5": 5,
      "codestral-2501": 3,
      "codex-mini": 4,
      "cohere-command-a": 4,
      "cohere-command-r-08-2024": 4,
      "cohere-command-r-plus-08-2024": 4,
      "deepseek-r1": 4,
      "deepseek-r1-0528": 4,
      "deepseek-v3-0324": 4,
      "deepseek-v3.1": 2.9999999999999996,
      "gpt-3.5-turbo-0125": 3,
      "gpt-3.5-turbo-0301": 1.3333333333333333,
      "gpt-3.5-turbo-0613": 1.3333333333333333,
      "gpt-3.5-turbo-1106": 2,
      "gpt-3.5-turbo-instruct": 1.3333333333333333,
      "gpt-4": 2,
      "gpt-4-32k": 2,
      "gpt-4-turbo": 3,
      "gpt-4-turbo-vision": 3,
      "gpt-4.1": 4,
      "gpt-4.1-mini": 4,
      "gpt-4.1-nano": 4,
      "gpt-4o": 4,
      "gpt-4o-mini": 4,
      "gpt-5": 8,
      "gpt-5-chat": 8,
      "gpt-5-codex": 8,
      "gpt-5-mini": 8,
      "gpt-5-nano": 8,
      "gpt-5.1": 8,
      "gpt-5.1-chat": 8,
      "gpt-5.1-codex": 8,
      "gpt-5.1-codex-mini": 8,
      "grok-3": 5,
      "grok-3-mini": 1.6666666666666667,
      "grok-4": 5,
      "grok-4-fast-non-reasoning": 2.5,
      "grok-4-fast-reasoning": 2.5,
      "grok-code-fast-1": 7.5,
      "ministral-3b": 1,
      "mistral-large-2411": 3,
      "mistral-medium-2505": 5,
      "mistral-nemo": 1,
      "mistral-small-2503": 2.9999999999999996,
      "o1": 4,
      "o1-mini": 4,
      "o1-preview": 4,
      "o3": 4,
      "o3-mini": 4,
      "o4-mini": 4
    },
    "model_price": {},
    "model_ratio": {
      "claude-haiku-4-5": 0.5,
      "claude-opus-4-1": 7.5,
      "claude-opus-4-5": 2.5,
      "claude-sonnet-4-5": 1.5,
      "codestral-2501": 0.15,
      "codex-mini": 0.75,
      "cohere-command-a": 1.25,
      "cohere-command-r-08-2024": 0.075,
      "cohere-command-r-plus-08-2024": 1.25,
      "cohere-embed-v-4-0": 0.06,
      "cohere-embed-v3-english": 0.05,
      "cohere-embed-v3-multilingual": 0.05,
      "deepseek-r1": 0.675,
      "deepseek-r1-0528": 0.675,
      "deepseek-v3-0324": 0.57,
      "deepseek-v3.1": 0.28,
      "gpt-3.5-turbo-0125": 0.25,
      "gpt-3.5-turbo-0301": 0.75,
      "gpt-3.5-turbo-0613": 1.5,
      "gpt-3.5-turbo-1106": 0.5,
      "gpt-3.5-turbo-instruct": 0.75,
      "gpt-4": 30,
      "gpt-4-32k": 30,
      "gpt-4-turbo": 5,
      "gpt-4-turbo-vision": 5,
      "gpt-4.1": 1,
      "gpt-4.1-mini": 0.2,
      "gpt-4.1-nano": 0.05,
      "gpt-4o": 1.25,
      "gpt-4o-mini": 0.075,
      "gpt-5": 0.625,
      "gpt-5-chat": 0.625,
      "gpt-5-codex": 0.625,
      "gpt-5-mini": 0.125,
      "gpt-5-nano": 0.025,
      "gpt-5.1": 0.625,
      "gpt-5.1-chat": 0.625,
      "gpt-5.1-codex": 0.625,
      "gpt-5.1-codex-mini": 0.125,
      "grok-3": 1.5,
      "grok-3-mini": 0.15,
      "grok-4": 1.5,
      "grok-4-fast-non-reasoning": 0.1,
      "grok-4-fast-reasoning": 0.1,
      "grok-code-fast-1": 0.1,
      "ministral-3b": 0.02,
      "mistral-large-2411": 1,
      "mistral-medium-2505": 0.2,
      "mistral-nemo": 0.075,
      "mistral-small-2503": 0.05,
      "model-router": 0.07,
      "o1": 7.5,
      "o1-mini": 0.55,
      "o1-preview": 8.25,
      "o3": 1,
      "o3-mini": 0.55,
      "o4-mini": 0.55,
      "text-embedding-3-large": 0.065,
      "text-embedding-3-small": 0.01,
      "text-embedding-ada-002": 0.05
    }
  },
  "message": "",
  "success": true
}